#include "ampalaya_tileset_16.h"

const uint8_t ampalaya_tileset_16[] = {
   0xFF, 0xD0, 0xFF, 0xD0, 0xFF, 0xD0, 0xFF, 0xD0, 0xFF, 0xD0, 0xFF, 0xD0, 0xFF, 0xD0, 0xFF, 0xD0,
   0xFF, 0xD0, 0xFF, 0xD0, 0xFF, 0xD0, 0xFF, 0xD0, 0xFF, 0xD0, 0xFF, 0xD0, 0xFF, 0xD0, 0xFF, 0xD0,
   0xFF, 0xD0, 0xFF, 0xD0, 0xFF, 0xD0, 0xFF, 0xD0, 0xFF, 0xD0, 0xFF, 0xD0, 0xFF, 0xD0, 0xFF, 0xD0,
   0xFF, 0xD0, 0xFF, 0xD0, 0xFF, 0xD0, 0xFF, 0xD0, 0xFF, 0xD0, 0xFF, 0xD0, 0xFF, 0xD0, 0xFF, 0xD0,
   0xFF, 0xD0, 0xFF, 0xD0, 0xFF, 0xD0, 0xFF, 0xD0, 0xFF, 0xD0, 0xFF, 0xD0, 0xFF, 0xD0, 0xFF, 0xD0,
   0xFF, 0xD0, 0xFF, 0xD0, 0xFF, 0xD0, 0xFF, 0xD0, 0xFF, 0xD0, 0xFF, 0xD0, 0xFF, 0xD0, 0xFF, 0xD0,
   0xFF, 0xD0, 0xFF, 0xD0, 0xFF, 0xD0, 0xFF, 0xD0, 0xFF, 0xD0, 0xFF, 0xD0, 0xFF, 0xD0, 0xFF, 0xD0,
   0xFF, 0xD0, 0xFF, 0xD0, 0xFF, 0xD0, 0xFF, 0xD0, 0xFF, 0xD0, 0xFF, 0xD0, 0xFF, 0xD0, 0xFF, 0xD0,
   0xFF, 0xD0, 0xFF, 0xD0, 0xFF, 0xD0, 0xFF, 0xD0, 0xFF, 0xD0, 0xFF, 0xD0, 0xFF, 0xD0, 0xFF, 0xD0,
   0xFF, 0xD0, 0xFF, 0xD0, 0xFF, 0xD0, 0xFF, 0xD0, 0xFF, 0xD0, 0xFF, 0xD0, 0xFF, 0xD0, 0xFF, 0xD0,
   0xFF, 0xD0, 0xFF, 0xD0, 0xFF, 0xD0, 0xFF, 0xD0, 0xFF, 0xD0, 0xFF, 0xD0, 0xFF, 0xD0, 0xFF, 0xD0,
   0xFF, 0xD0, 0xFF, 0xD0, 0xFF, 0xD0, 0xFF, 0xD0, 0xFF, 0xD0, 0xFF, 0xD0, 0xFF, 0xD0, 0xFF, 0xD0,
   0xFF, 0xD0, 0xFF, 0xD0, 0xFF, 0xD0, 0xFF, 0xD0, 0xFF, 0xD0, 0xFF, 0xD0, 0xFF, 0xD0, 0xFF, 0xD0,
   0xFF, 0xD0, 0xFF, 0xD0, 0xFF, 0xD0, 0xFF, 0xD0, 0xFF, 0xD0, 0xFF, 0xD0, 0xFF, 0xD0, 0xFF, 0xD0,
   0xFF, 0xD0, 0xFF, 0xD0, 0xFF, 0xD0, 0xFF, 0xD0, 0xFF, 0xD0, 0xFF, 0xD0, 0xFF, 0xD0, 0xFF, 0xD0,
   0xFF, 0xD0, 0xFF, 0xD0, 0xFF, 0xD0, 0xFF, 0xD0, 0xFF, 0xD0, 0xFF, 0xD0, 0xFF, 0xD0, 0xFF, 0xD0,
   0xFF, 0xD0, 0xFF, 0xD0, 0xFF, 0xD0, 0xFF, 0xD0, 0xFF, 0xD0, 0xFF, 0xD0, 0xFF, 0xD0, 0xFF, 0xD0,
   0xFF, 0xD0, 0xFF, 0xD0, 0xFF, 0xD0, 0xFF, 0xD0, 0xFF, 0xD0, 0xFF, 0xD0, 0xFF, 0xD0, 0xFF, 0xD0,
   0xFF, 0xD0, 0xFF, 0xD0, 0xFF, 0xD0, 0xFF, 0xD0, 0xFF, 0xD0, 0xFF, 0xD0, 0xFF, 0xD0, 0xFF, 0xD0,
   0xFF, 0xD0, 0xFF, 0xD0, 0xFF, 0xD0, 0xFF, 0xD0, 0xFF, 0xD0, 0xFF, 0xD0, 0xFF, 0xD0, 0xFF, 0xD0,
   0xFF, 0xD0, 0xFF, 0xD0, 0xFF, 0xD0, 0xFF, 0xD0, 0xFF, 0xD0, 0xFF, 0xD0, 0xFF, 0xD0, 0xFF, 0xD0,
   0xFF, 0xD0, 0xFF, 0xD0, 0xFF, 0xD0, 0xFF, 0xD0, 0xFF, 0xD0, 0xFF, 0xD0, 0xFF, 0xD0, 0xFF, 0xD0,
   0xFF, 0xD0, 0xFF, 0xD0, 0xFF, 0xD0, 0xFF, 0xD0, 0xFF, 0xD0, 0xFF, 0xD0, 0xFF, 0xD0, 0xFF, 0xD0,
   0xFF, 0xD0, 0xFF, 0xD0, 0xFF, 0xD0, 0xFF, 0xD0, 0xFF, 0xD0, 0xFF, 0xD0, 0xFF, 0xD0, 0xFF, 0xD0,
   0xFF, 0xD0, 0xFF, 0xD0, 0xFF, 0xD0, 0xFF, 0xD0, 0xFF, 0xD0, 0xFF, 0xD0, 0xFF, 0xD0, 0xFF, 0xD0,
   0xFF, 0xD0, 0xFF, 0xD0, 0xFF, 0xD0, 0xFF, 0xD0, 0xFF, 0xD0, 0xFF, 0xD0, 0xFF, 0xD0, 0xFF, 0xD0,
   0xFF, 0xD0, 0xFF, 0xD0, 0xFF, 0xD0, 0xFF, 0xD0, 0xFF, 0xD0, 0xFF, 0xD0, 0xFF, 0xD0, 0xFF, 0xD0,
   0xFF, 0xD0, 0xFF, 0xD0, 0xFF, 0xD0, 0xFF, 0xD0, 0xFF, 0xD0, 0xFF, 0xD0, 0xFF, 0xD0, 0xFF, 0xD0,
   0xFF, 0xD0, 0xFF, 0xD0, 0xFF, 0xD0, 0xFF, 0xD0, 0xFF, 0xD0, 0xFF, 0xD0, 0xFF, 0xD0, 0xFF, 0xD0,
   0xFF, 0xD0, 0xFF, 0xD0, 0xFF, 0xD0, 0xFF, 0xD0, 0xFF, 0xD0, 0xFF, 0xD0, 0xFF, 0xD0, 0xFF, 0xD0,
   0xFF, 0xD0, 0xFF, 0xD0, 0xFF, 0xD0, 0xFF, 0xD0, 0xFF, 0xD0, 0xFF, 0xD0, 0xFF, 0xD0, 0xFF, 0xD0,
   0xFF, 0xD0, 0xFF, 0xD0, 0xFF, 0xD0, 0xFF, 0xD0, 0xFF, 0xD0, 0xFF, 0xD0, 0xFF, 0xD0, 0xFF, 0xD0,
   0xFC, 0x6B, 0xFC, 0x6B, 0xFC, 0x6B, 0xFC, 0x6B, 0xFF, 0xFF, 0xFF, 0xFF, 0xFF, 0xFF, 0xFF, 0xFF,
   0xFF, 0xFF, 0xFF, 0xFF, 0xFF, 0xFF, 0xFF, 0xFF, 0xFC, 0x6B, 0xFC, 0x6B, 0xFC, 0x6B, 0xFC, 0x6B,
   0xFC, 0x6B, 0xFC, 0x6B, 0xFC, 0x6B, 0xFC, 0x6B, 0xFF, 0xFF, 0xFF, 0xFF, 0xFF, 0xFF, 0xFF, 0xFF,
   0xFF, 0xFF, 0xFF, 0xFF, 0xFF, 0xFF, 0xFF, 0xFF, 0xFC, 0x6B, 0xFC, 0x6B, 0xFC, 0x6B, 0xFC, 0x6B,
   0xFC, 0x6B, 0xFC, 0x6B, 0xFF, 0xFF, 0xFF, 0xFF, 0xFF, 0xFF, 0xFF, 0xFF, 0xFF, 0xFF, 0xFF, 0xFF,
   0xFF, 0xFF, 0xFF, 0xFF, 0xFF, 0xFF, 0xFF, 0xFF, 0xFF, 0xFF, 0xFF, 0xFF, 0xFC, 0x6B, 0xFC, 0x6B,
   0xFC, 0x6B, 0xFC, 0x6B, 0xFF, 0xFF, 0xFF, 0xFF, 0xFF, 0xFF, 0xFF, 0xFF, 0xFF, 0xFF, 0xFF, 0xFF,
   0xFF, 0xFF, 0xFF, 0xFF, 0xFF, 0xFF, 0xFF, 0xFF, 0xFF, 0xFF, 0xFF, 0xFF, 0xFC, 0x6B, 0xFC, 0x6B,
   0xFF, 0xFF, 0xFF, 0xFF, 0xFF, 0xFF, 0xFF, 0xFF, 0xFF, 0xFF, 0xFF, 0xFF, 0xFC, 0x6B, 0xFC, 0x6B,
   0xFC, 0x6B, 0xFC, 0x6B, 0xFF, 0xFF, 0xFF, 0xFF, 0xFF, 0xFF, 0xFF, 0xFF, 0xFF, 0xFF, 0xFF, 0xFF,
   0xFF, 0xFF, 0xFF, 0xFF, 0xFF, 0xFF, 0xFF, 0xFF, 0xFF, 0xFF, 0xFF, 0xFF, 0xFC, 0x6B, 0xFC, 0x6B,
   0xFC, 0x6B, 0xFC, 0x6B, 0xFF, 0xFF, 0xFF, 0xFF, 0xFF, 0xFF, 0xFF, 0xFF, 0xFF, 0xFF, 0xFF, 0xFF,
   0xFF, 0xFF, 0xFF, 0xFF, 0xFF, 0xFF, 0xFF, 0xFF, 0xFC, 0x6B, 0xFC, 0x6B, 0xFC, 0x6B, 0xFC, 0x6B,
   0xFC, 0x6B, 0xFC, 0x6B, 0xFC, 0x6B, 0xFC, 0x6B, 0xFF, 0xFF, 0xFF, 0xFF, 0xFF, 0xFF, 0xFF, 0xFF,
   0xFF, 0xFF, 0xFF, 0xFF, 0xFF, 0xFF, 0xFF, 0xFF, 0xFC, 0x6B, 0xFC, 0x6B, 0xFC, 0x6B, 0xFC, 0x6B,
   0xFC, 0x6B, 0xFC, 0x6B, 0xFC, 0x6B, 0xFC, 0x6B, 0xFF, 0xFF, 0xFF, 0xFF, 0xFF, 0xFF, 0xFF, 0xFF,
   0xFF, 0xFF, 0xFF, 0xFF, 0xFF, 0xFF, 0xFF, 0xFF, 0xFC, 0x6B, 0xFC, 0x6B, 0xFC, 0x6B, 0xFC, 0x6B,
   0xFC, 0x6B, 0xFC, 0x6B, 0xFC, 0x6B, 0xFC, 0x6B, 0xFF, 0xFF, 0xFF, 0xFF, 0xFF, 0xFF, 0xFF, 0xFF,
   0xFF, 0xFF, 0xFF, 0xFF, 0xFF, 0xFF, 0xFF, 0xFF, 0xFC, 0x6B, 0xFC, 0x6B, 0xFC, 0x6B, 0xFC, 0x6B,
   0xFC, 0x6B, 0xFC, 0x6B, 0xFC, 0x6B, 0xFC, 0x6B, 0xFF, 0xFF, 0xFF, 0xFF, 0xFF, 0xFF, 0xFF, 0xFF,
   0xFF, 0xFF, 0xFF, 0xFF, 0xFF, 0xFF, 0xFF, 0xFF, 0xFF, 0xFF, 0xFF, 0xFF, 0xFC, 0x6B, 0xFC, 0x6B,
   0xFC, 0x6B, 0xFC, 0x6B, 0xFF, 0xFF, 0xFF, 0xFF, 0xFF, 0xFF, 0xFF, 0xFF, 0xFF, 0xFF, 0xFF, 0xFF,
   0xFF, 0xFF, 0xFF, 0xFF, 0xFF, 0xFF, 0xFF, 0xFF, 0xFF, 0xFF, 0xFF, 0xFF, 0xFC, 0x6B, 0xFC, 0x6B,
   0xFC, 0x6B, 0xFC, 0x6B, 0xFF, 0xFF, 0xFF, 0xFF, 0xFF, 0xFF, 0xFF, 0xFF, 0xFF, 0xFF, 0xFF, 0xFF,
   0xFC, 0x6B, 0xFC, 0x6B, 0xFF, 0xFF, 0xFF, 0xFF, 0xFF, 0xFF, 0xFF, 0xFF, 0xFF, 0xFF, 0xFF, 0xFF,
   0xFF, 0xFF, 0xFF, 0xFF, 0xFF, 0xFF, 0xFF, 0xFF, 0xFF, 0xFF, 0xFF, 0xFF, 0xFC, 0x6B, 0xFC, 0x6B,
   0xFC, 0x6B, 0xFC, 0x6B, 0xFF, 0xFF, 0xFF, 0xFF, 0xFF, 0xFF, 0xFF, 0xFF, 0xFF, 0xFF, 0xFF, 0xFF,
   0xFF, 0xFF, 0xFF, 0xFF, 0xFF, 0xFF, 0xFF, 0xFF, 0xFF, 0xFF, 0xFF, 0xFF, 0xFC, 0x6B, 0xFC, 0x6B,
   0xFC, 0x6B, 0xFC, 0x6B, 0xFC, 0x6B, 0xFC, 0x6B, 0xFF, 0xFF, 0xFF, 0xFF, 0xFF, 0xFF, 0xFF, 0xFF,
   0xFF, 0xFF, 0xFF, 0xFF, 0xFF, 0xFF, 0xFF, 0xFF, 0xFC, 0x6B, 0xFC, 0x6B, 0xFC, 0x6B, 0xFC, 0x6B,
   0xFC, 0x6B, 0xFC, 0x6B, 0xFC, 0x6B, 0xFC, 0x6B, 0xFF, 0xFF, 0xFF, 0xFF, 0xFF, 0xFF, 0xFF, 0xFF,
   0xFF, 0xFF, 0xFF, 0xFF, 0xFF, 0xFF, 0xFF, 0xFF, 0xFC, 0x6B, 0xFC, 0x6B, 0xFC, 0x6B, 0xFC, 0x6B,
   0xFC, 0x6B, 0xFC, 0x6B, 0xFF, 0xD0, 0xFF, 0xD0, 0xFC, 0x6B, 0xFC, 0x6B, 0xFF, 0xD0, 0xFF, 0xD0,
   0xFC, 0x6B, 0xFC, 0x6B, 0xFF, 0xD0, 0xFF, 0xD0, 0xFC, 0x6B, 0xFC, 0x6B, 0xFF, 0xD0, 0xFF, 0xD0,
   0xFC, 0x6B, 0xFC, 0x6B, 0xFF, 0xD0, 0xFF, 0xD0, 0xFC, 0x6B, 0xFC, 0x6B, 0xFF, 0xD0, 0xFF, 0xD0,
   0xFC, 0x6B, 0xFC, 0x6B, 0xFF, 0xD0, 0xFF, 0xD0, 0xFC, 0x6B, 0xFC, 0x6B, 0xFF, 0xD0, 0xFF, 0xD0,
   0xFF, 0xD0, 0xFF, 0xD0, 0xFC, 0x6B, 0xFC, 0x6B, 0xFF, 0xD0, 0xFF, 0xD0, 0xFC, 0x6B, 0xFC, 0x6B,
   0xFF, 0xD0, 0xFF, 0xD0, 0xFC, 0x6B, 0xFC, 0x6B, 0xFF, 0xD0, 0xFF, 0xD0, 0xFC, 0x6B, 0xFC, 0x6B,
   0xFF, 0xD0, 0xFF, 0xD0, 0xFC, 0x6B, 0xFC, 0x6B, 0xFF, 0xD0, 0xFF, 0xD0, 0xFC, 0x6B, 0xFC, 0x6B,
   0xFF, 0xD0, 0xFF, 0xD0, 0xFC, 0x6B, 0xFC, 0x6B, 0xFF, 0xD0, 0xFF, 0xD0, 0xFC, 0x6B, 0xFC, 0x6B,
   0xFC, 0x6B, 0xFC, 0x6B, 0xFF, 0xD0, 0xFF, 0xD0, 0xFC, 0x6B, 0xFC, 0x6B, 0xFF, 0xD0, 0xFF, 0xD0,
   0xFC, 0x6B, 0xFC, 0x6B, 0xFF, 0xD0, 0xFF, 0xD0, 0xFC, 0x6B, 0xFC, 0x6B, 0xFF, 0xD0, 0xFF, 0xD0,
   0xFC, 0x6B, 0xFC, 0x6B, 0xFF, 0xD0, 0xFF, 0xD0, 0xFC, 0x6B, 0xFC, 0x6B, 0xFF, 0xD0, 0xFF, 0xD0,
   0xFC, 0x6B, 0xFC, 0x6B, 0xFF, 0xD0, 0xFF, 0xD0, 0xFC, 0x6B, 0xFC, 0x6B, 0xFF, 0xD0, 0xFF, 0xD0,
   0xFF, 0xD0, 0xFF, 0xD0, 0xFC, 0x6B, 0xFC, 0x6B, 0xFF, 0xD0, 0xFF, 0xD0, 0xFC, 0x6B, 0xFC, 0x6B,
   0xFF, 0xD0, 0xFF, 0xD0, 0xFC, 0x6B, 0xFC, 0x6B, 0xFF, 0xD0, 0xFF, 0xD0, 0xFC, 0x6B, 0xFC, 0x6B,
   0xFF, 0xD0, 0xFF, 0xD0, 0xFC, 0x6B, 0xFC, 0x6B, 0xFF, 0xD0, 0xFF, 0xD0, 0xFC, 0x6B, 0xFC, 0x6B,
   0xFF, 0xD0, 0xFF, 0xD0, 0xFC, 0x6B, 0xFC, 0x6B, 0xFF, 0xD0, 0xFF, 0xD0, 0xFC, 0x6B, 0xFC, 0x6B,
   0xFC, 0x6B, 0xFC, 0x6B, 0xFF, 0xD0, 0xFF, 0xD0, 0xFC, 0x6B, 0xFC, 0x6B, 0xFF, 0xD0, 0xFF, 0xD0,
   0xFC, 0x6B, 0xFC, 0x6B, 0xFF, 0xD0, 0xFF, 0xD0, 0xFC, 0x6B, 0xFC, 0x6B, 0xFF, 0xD0, 0xFF, 0xD0,
   0xFC, 0x6B, 0xFC, 0x6B, 0xFF, 0xD0, 0xFF, 0xD0, 0xFC, 0x6B, 0xFC, 0x6B, 0xFF, 0xD0, 0xFF, 0xD0,
   0xFC, 0x6B, 0xFC, 0x6B, 0xFF, 0xD0, 0xFF, 0xD0, 0xFC, 0x6B, 0xFC, 0x6B, 0xFF, 0xD0, 0xFF, 0xD0,
   0xFF, 0xD0, 0xFF, 0xD0, 0xFC, 0x6B, 0xFC, 0x6B, 0xFF, 0xD0, 0xFF, 0xD0, 0xFC, 0x6B, 0xFC, 0x6B,
   0xFF, 0xD0, 0xFF, 0xD0, 0xFC, 0x6B, 0xFC, 0x6B, 0xFF, 0xD0, 0xFF, 0xD0, 0xFC, 0x6B, 0xFC, 0x6B,
   0xFF, 0xD0, 0xFF, 0xD0, 0xFC, 0x6B, 0xFC, 0x6B, 0xFF, 0xD0, 0xFF, 0xD0, 0xFC, 0x6B, 0xFC, 0x6B,
   0xFF, 0xD0, 0xFF, 0xD0, 0xFC, 0x6B, 0xFC, 0x6B, 0xFF, 0xD0, 0xFF, 0xD0, 0xFC, 0x6B, 0xFC, 0x6B,
   0xFC, 0x6B, 0xFC, 0x6B, 0xFF, 0xD0, 0xFF, 0xD0, 0xFC, 0x6B, 0xFC, 0x6B, 0xFF, 0xD0, 0xFF, 0xD0,
   0xFC, 0x6B, 0xFC, 0x6B, 0xFF, 0xD0, 0xFF, 0xD0, 0xFC, 0x6B, 0xFC, 0x6B, 0xFF, 0xD0, 0xFF, 0xD0,
   0xFC, 0x6B, 0xFC, 0x6B, 0xFF, 0xD0, 0xFF, 0xD0, 0xFC, 0x6B, 0xFC, 0x6B, 0xFF, 0xD0, 0xFF, 0xD0,
   0xFC, 0x6B, 0xFC, 0x6B, 0xFF, 0xD0, 0xFF, 0xD0, 0xFC, 0x6B, 0xFC, 0x6B, 0xFF, 0xD0, 0xFF, 0xD0,
   0xFF, 0xD0, 0xFF, 0xD0, 0xFC, 0x6B, 0xFC, 0x6B, 0xFF, 0xD0, 0xFF, 0xD0, 0xFC, 0x6B, 0xFC, 0x6B,
   0xFF, 0xD0, 0xFF, 0xD0, 0xFC, 0x6B, 0xFC, 0x6B, 0xFF, 0xD0, 0xFF, 0xD0, 0xFC, 0x6B, 0xFC, 0x6B,
   0xFF, 0xD0, 0xFF, 0xD0, 0xFC, 0x6B, 0xFC, 0x6B, 0xFF, 0xD0, 0xFF, 0xD0, 0xFC, 0x6B, 0xFC, 0x6B,
   0xFF, 0xD0, 0xFF, 0xD0, 0xFC, 0x6B, 0xFC, 0x6B, 0xFF, 0xD0, 0xFF, 0xD0, 0xFC, 0x6B, 0xFC, 0x6B,
   0xFF, 0xD0, 0xFF, 0xD0, 0xFF, 0xD0, 0xFF, 0xD0, 0xFF, 0xD0, 0xFF, 0xD0, 0xFF, 0xD0, 0xFF, 0xD0,
   0xFF, 0xD0, 0xFF, 0xD0, 0xFF, 0xD0, 0xFF, 0xD0, 0xFF, 0xD0, 0xFF, 0xD0, 0xFF, 0xD0, 0xFF, 0xD0,
   0xFF, 0xD0, 0xFF, 0xD0, 0xFF, 0xD0, 0xFF, 0xD0, 0xFF, 0xD0, 0xFF, 0xD0, 0xFF, 0xD0, 0xFF, 0xD0,
   0xFF, 0xD0, 0xFF, 0xD0, 0xFF, 0xD0, 0xFF, 0xD0, 0xFF, 0xD0, 0xFF, 0xD0, 0xFF, 0xD0, 0xFF, 0xD0,
   0xFF, 0xD0, 0xFF, 0xD0, 0xFF, 0xD0, 0xFF, 0xD0, 0xFF, 0xD0, 0xFF, 0xD0, 0xFF, 0xD0, 0xFF, 0xD0,
   0xFF, 0xD0, 0xFF, 0xD0, 0xFF, 0xD0, 0xFF, 0xD0, 0xFF, 0xD0, 0xFF, 0xD0, 0xFF, 0xD0, 0xFF, 0xD0,
   0xFF, 0xD0, 0xFF, 0xD0, 0xFF, 0xD0, 0xFF, 0xD0, 0xFF, 0xD0, 0xFF, 0xD0, 0xFF, 0xD0, 0xFF, 0xD0,
   0xFF, 0xD0, 0xFF, 0xD0, 0xFF, 0xD0, 0xFF, 0xD0, 0xFF, 0xD0, 0xFF, 0xD0, 0xFF, 0xD0, 0xFF, 0xD0,
   0xFF, 0xD0, 0xFF, 0xD0, 0xFF, 0xD0, 0xFF, 0xD0, 0xFF, 0xD0, 0xFF, 0xD0, 0xFF, 0xD0, 0xFF, 0xD0,
   0xFF, 0xD0, 0xFF, 0xD0, 0xFF, 0xD0, 0xFF, 0xD0, 0xFF, 0xD0, 0xFF, 0xD0, 0xFF, 0xD0, 0xFF, 0xD0,
   0xFF, 0xD0, 0xFF, 0xD0, 0xFF, 0xD0, 0xFF, 0xD0, 0xFF, 0xD0, 0xFF, 0xD0, 0xFF, 0xD0, 0xFF, 0xD0,
   0xFF, 0xD0, 0xFF, 0xD0, 0xFF, 0xD0, 0xFF, 0xD0, 0xFF, 0xD0, 0xFF, 0xD0, 0xFF, 0xD0, 0xFF, 0xD0,
   0xFF, 0xD0, 0xFF, 0xD0, 0xFF, 0xD0, 0xFF, 0xD0, 0xFF, 0xD0, 0xFF, 0xD0, 0xFF, 0xD0, 0xFF, 0xD0,
   0xFF, 0xD0, 0xFF, 0xD0, 0xFF, 0xD0, 0xFF, 0xD0, 0xFF, 0xD0, 0xFF, 0xD0, 0xFF, 0xD0, 0xFF, 0xD0,
   0xFF, 0xD0, 0xFF, 0xD0, 0xFF, 0xD0, 0xFF, 0xD0, 0xFF, 0xD0, 0xFF, 0xD0, 0xFF, 0xD0, 0xFF, 0xD0,
   0xFF, 0xD0, 0xFF, 0xD0, 0xFF, 0xD0, 0xFF, 0xD0, 0xFF, 0xD0, 0xFF, 0xD0, 0xFF, 0xD0, 0xFF, 0xD0,
   0xFF, 0xD0, 0xFF, 0xD0, 0xFF, 0xD0, 0xFF, 0xD0, 0xFF, 0xD0, 0xFF, 0xD0, 0xFF, 0xD0, 0xFF, 0xD0,
   0xFF, 0xD0, 0xFF, 0xD0, 0xFF, 0xD0, 0xFF, 0xD0, 0xFF, 0xD0, 0xFF, 0xD0, 0xFF, 0xD0, 0xFF, 0xD0,
   0xFF, 0xD0, 0xFF, 0xD0, 0xFF, 0xD0, 0xFF, 0xD0, 0xFF, 0xD0, 0xFF, 0xD0, 0xFF, 0xD0, 0xFF, 0xD0,
   0xFF, 0xD0, 0xFF, 0xD0, 0xFF, 0xD0, 0xFF, 0xD0, 0xFF, 0xD0, 0xFF, 0xD0, 0xFF, 0xD0, 0xFF, 0xD0,
   0xFF, 0xD0, 0xFF, 0xD0, 0xFF, 0xD0, 0xFF, 0xD0, 0xFF, 0xD0, 0xFF, 0xD0, 0xFF, 0xD0, 0xFF, 0xD0,
   0xFF, 0xD0, 0xFF, 0xD0, 0xFF, 0xD0, 0xFF, 0xD0, 0xFF, 0xD0, 0xFF, 0xD0, 0xFF, 0xD0, 0xFF, 0xD0,
   0xFF, 0xD0, 0xFF, 0xD0, 0xFF, 0xD0, 0xFF, 0xD0, 0xFF, 0xD0, 0xFF, 0xD0, 0xFF, 0xD0, 0xFF, 0xD0,
   0xFF, 0xD0, 0xFF, 0xD0, 0xFF, 0xD0, 0xFF, 0xD0, 0xFF, 0xD0, 0xFF, 0xD0, 0xFF, 0xD0, 0xFF, 0xD0,
   0xFF, 0xD0, 0xFF, 0xD0, 0xFF, 0xD0, 0xFF, 0xD0, 0xFF, 0xD0, 0xFF, 0xD0, 0xFF, 0xD0, 0xFF, 0xD0,
   0xFF, 0xD0, 0xFF, 0xD0, 0xFF, 0xD0, 0xFF, 0xD0, 0xFF, 0xD0, 0xFF, 0xD0, 0xFF, 0xD0, 0xFF, 0xD0,
   0xFF, 0xD0, 0xFF, 0xD0, 0xFF, 0xD0, 0xFF, 0xD0, 0xFF, 0xD0, 0xFF, 0xD0, 0xFF, 0xD0, 0xFF, 0xD0,
   0xFF, 0xD0, 0xFF, 0xD0, 0xFF, 0xD0, 0xFF, 0xD0, 0xFF, 0xD0, 0xFF, 0xD0, 0xFF, 0xD0, 0xFF, 0xD0,
   0xFF, 0xD0, 0xFF, 0xD0, 0xFF, 0xD0, 0xFF, 0xD0, 0xFF, 0xD0, 0xFF, 0xD0, 0xFF, 0xD0, 0xFF, 0xD0,
   0xFF, 0xD0, 0xFF, 0xD0, 0xFF, 0xD0, 0xFF, 0xD0, 0xFF, 0xD0, 0xFF, 0xD0, 0xFF, 0xD0, 0xFF, 0xD0,
   0xFF, 0xD0, 0xFF, 0xD0, 0xFF, 0xD0, 0xFF, 0xD0, 0xFF, 0xD0, 0xFF, 0xD0, 0xFF, 0xD0, 0xFF, 0xD0,
   0xFF, 0xD0, 0xFF, 0xD0, 0xFF, 0xD0, 0xFF, 0xD0, 0xFF, 0xD0, 0xFF, 0xD0, 0xFF, 0xD0, 0xFF, 0xD0,
   0x00, 0x4E, 0x00, 0x4E, 0x00, 0x4E, 0x00, 0x4E, 0x00, 0x4E, 0x00, 0x4E, 0x00, 0x4E, 0x00, 0x4E,
   0x00, 0x4E, 0x00, 0x4E, 0x00, 0x4E, 0x00, 0x4E, 0x00, 0x4E, 0x00, 0x4E, 0x00, 0x4E, 0x00, 0x4E,
   0x00, 0x4E, 0x00, 0x4E, 0x00, 0x4E, 0x00, 0x4E, 0x00, 0x4E, 0x00, 0x4E, 0x00, 0x4E, 0x00, 0x4E,
   0x00, 0x4E, 0x00, 0x4E, 0x00, 0x4E, 0x00, 0x4E, 0x00, 0x4E, 0x00, 0x4E, 0x00, 0x4E, 0x00, 0x4E,
   0x00, 0x4E, 0x00, 0x4E, 0x00, 0x4E, 0x00, 0x4E, 0x00, 0x4E, 0x00, 0x4E, 0x00, 0x4E, 0x00, 0x4E,
   0x00, 0x4E, 0x00, 0x4E, 0x00, 0x4E, 0x00, 0x4E, 0x00, 0x4E, 0x00, 0x4E, 0x00, 0x4E, 0x00, 0x4E,
   0x00, 0x4E, 0x00, 0x4E, 0x00, 0x4E, 0x00, 0x4E, 0x00, 0x4E, 0x00, 0x4E, 0x00, 0x4E, 0x00, 0x4E,
   0x00, 0x4E, 0x00, 0x4E, 0x00, 0x4E, 0x00, 0x4E, 0x00, 0x4E, 0x00, 0x4E, 0x00, 0x4E, 0x00, 0x4E,
   0x00, 0x4E, 0x00, 0x4E, 0x00, 0x4E, 0x00, 0x4E, 0x00, 0x4E, 0x00, 0x4E, 0x00, 0x4E, 0x00, 0x4E,
   0x00, 0x4E, 0x00, 0x4E, 0x00, 0x4E, 0x00, 0x4E, 0x00, 0x4E, 0x00, 0x4E, 0x00, 0x4E, 0x00, 0x4E,
   0x00, 0x00, 0x00, 0x00, 0x00, 0x00, 0x00, 0x00, 0x00, 0x00, 0x00, 0x00, 0x00, 0x00, 0x00, 0x00,
   0x00, 0x00, 0x00, 0x00, 0x00, 0x00, 0x00, 0x00, 0x00, 0x00, 0x00, 0x00, 0x00, 0x00, 0x00, 0x00,
   0x00, 0x00, 0x00, 0x00, 0x00, 0x00, 0x00, 0x00, 0x00, 0x00, 0x00, 0x00, 0x00, 0x00, 0x00, 0x00,
   0x00, 0x00, 0x00, 0x00, 0x00, 0x00, 0x00, 0x00, 0x00, 0x00, 0x00, 0x00, 0x00, 0x00, 0x00, 0x00,
   0x00, 0x00, 0x00, 0x00, 0x00, 0x00, 0x00, 0x00, 0x00, 0x00, 0x00, 0x00, 0x00, 0x00, 0x00, 0x00,
   0x00, 0x00, 0x00, 0x00, 0x00, 0x00, 0x00, 0x00, 0x00, 0x00, 0x00, 0x00, 0x00, 0x00, 0x00, 0x00,
   0x00, 0x00, 0x00, 0x00, 0x00, 0x00, 0x00, 0x00, 0x00, 0x00, 0x00, 0x00, 0x00, 0x00, 0x00, 0x00,
   0x00, 0x00, 0x00, 0x00, 0x00, 0x00, 0x00, 0x00, 0x00, 0x00, 0x00, 0x00, 0x00, 0x00, 0x00, 0x00,
   0x00, 0x4E, 0x00, 0x4E, 0x00, 0x4E, 0x00, 0x4E, 0x00, 0x4E, 0x00, 0x4E, 0x00, 0x4E, 0x00, 0x4E,
   0x00, 0x4E, 0x00, 0x4E, 0x00, 0x4E, 0x00, 0x4E, 0x00, 0x4E, 0x00, 0x4E, 0x00, 0x4E, 0x00, 0x4E,
   0x00, 0x4E, 0x00, 0x4E, 0x00, 0x4E, 0x00, 0x4E, 0x00, 0x4E, 0x00, 0x4E, 0x00, 0x4E, 0x00, 0x4E,
   0x00, 0x4E, 0x00, 0x4E, 0x00, 0x4E, 0x00, 0x4E, 0x00, 0x4E, 0x00, 0x4E, 0x00, 0x4E, 0x00, 0x4E,
   0x00, 0x4E, 0x00, 0x4E, 0x00, 0x4E, 0x00, 0x4E, 0x00, 0x4E, 0x00, 0x4E, 0x00, 0x4E, 0x00, 0x4E,
   0x00, 0x4E, 0x00, 0x4E, 0x00, 0x4E, 0x00, 0x4E, 0x00, 0x4E, 0x00, 0x4E, 0x00, 0x4E, 0x00, 0x4E,
   0x00, 0x4E, 0x00, 0x4E, 0x00, 0x4E, 0x00, 0x4E, 0x00, 0x4E, 0x00, 0x4E, 0x00, 0x4E, 0x00, 0x4E,
   0x00, 0x4E, 0x00, 0x4E, 0x00, 0x4E, 0x00, 0x4E, 0x00, 0x4E, 0x00, 0x4E, 0x00, 0x4E, 0x00, 0x4E,
   0x00, 0x4E, 0x00, 0x4E, 0x00, 0x4E, 0x00, 0x4E, 0x00, 0x4E, 0x00, 0x4E, 0x00, 0x4E, 0x00, 0x4E,
   0x00, 0x4E, 0x00, 0x4E, 0x00, 0x4E, 0x00, 0x4E, 0x00, 0x4E, 0x00, 0x4E, 0x00, 0x4E, 0x00, 0x4E,
   0x00, 0x4E, 0x00, 0x4E, 0x00, 0x4E, 0x00, 0x4E, 0x00, 0x4E, 0x00, 0x4E, 0x00, 0x4E, 0x00, 0x4E,
   0x00, 0x4E, 0x00, 0x4E, 0x00, 0x4E, 0x00, 0x4E, 0x00, 0x4E, 0x00, 0x4E, 0x00, 0x4E, 0x00, 0x4E,
   0x00, 0x4E, 0x00, 0x4E, 0x00, 0x4E, 0x00, 0x4E, 0x00, 0x4E, 0x00, 0x4E, 0x00, 0x4E, 0x00, 0x4E,
   0x00, 0x4E, 0x00, 0x4E, 0x00, 0x4E, 0x00, 0x4E, 0x00, 0x4E, 0x00, 0x4E, 0x00, 0x4E, 0x00, 0x4E,
   0x00, 0x4E, 0x00, 0x4E, 0x00, 0x4E, 0x00, 0x4E, 0x00, 0x4E, 0x00, 0x4E, 0x00, 0x4E, 0x00, 0x4E,
   0x00, 0x4E, 0x00, 0x4E, 0x00, 0x4E, 0x00, 0x4E, 0x00, 0x4E, 0x00, 0x4E, 0x00, 0x4E, 0x00, 0x4E,
   0x00, 0x4E, 0x00, 0x4E, 0x00, 0x4E, 0x00, 0x4E, 0x00, 0x4E, 0x00, 0x4E, 0x00, 0x4E, 0x00, 0x4E,
   0x00, 0x4E, 0x00, 0x4E, 0x00, 0x4E, 0x00, 0x4E, 0x00, 0x4E, 0x00, 0x4E, 0x00, 0x4E, 0x00, 0x4E,
   0x00, 0x4E, 0x00, 0x4E, 0x00, 0x4E, 0x00, 0x4E, 0x00, 0x4E, 0x00, 0x4E, 0x00, 0x4E, 0x00, 0x4E,
   0x00, 0x4E, 0x00, 0x4E, 0x00, 0x4E, 0x00, 0x4E, 0x00, 0x4E, 0x00, 0x4E, 0x00, 0x4E, 0x00, 0x4E,
   0x00, 0x4E, 0x00, 0x4E, 0x00, 0x4E, 0x00, 0x4E, 0x00, 0x4E, 0x00, 0x4E, 0x00, 0x4E, 0x00, 0x4E,
   0x00, 0x4E, 0x00, 0x4E, 0x00, 0x4E, 0x00, 0x4E, 0x00, 0x4E, 0x00, 0x4E, 0x00, 0x4E, 0x00, 0x4E,
   0x00, 0x4E, 0x00, 0x4E, 0x00, 0x4E, 0x00, 0x4E, 0x00, 0x4E, 0x00, 0x4E, 0x00, 0x4E, 0x00, 0x4E,
   0x00, 0x4E, 0x00, 0x4E, 0x00, 0x4E, 0x00, 0x4E, 0x00, 0x4E, 0x00, 0x4E, 0x00, 0x4E, 0x00, 0x4E,
   0x00, 0x4E, 0x00, 0x4E, 0x00, 0x4E, 0x00, 0x4E, 0x00, 0x4E, 0x00, 0x4E, 0x00, 0x4E, 0x00, 0x4E,
   0x00, 0x4E, 0x00, 0x4E, 0x00, 0x4E, 0x00, 0x4E, 0x00, 0x4E, 0x00, 0x4E, 0x00, 0x4E, 0x00, 0x4E,
   0x00, 0x4E, 0x00, 0x4E, 0x00, 0x4E, 0x00, 0x4E, 0x00, 0x4E, 0x00, 0x4E, 0x00, 0x4E, 0x00, 0x4E,
   0x00, 0x4E, 0x00, 0x4E, 0x00, 0x4E, 0x00, 0x4E, 0x00, 0x4E, 0x00, 0x4E, 0x00, 0x4E, 0x00, 0x4E,
   0x00, 0x00, 0x00, 0x00, 0x00, 0x00, 0x00, 0x00, 0x00, 0x00, 0x00, 0x00, 0x00, 0x00, 0x00, 0x00,
   0x00, 0x00, 0x00, 0x00, 0x00, 0x00, 0x00, 0x00, 0x00, 0x00, 0x00, 0x00, 0x00, 0x00, 0x00, 0x00,
   0x00, 0x00, 0x00, 0x00, 0x00, 0x00, 0x00, 0x00, 0x00, 0x00, 0x00, 0x00, 0x00, 0x00, 0x00, 0x00,
   0x00, 0x00, 0x00, 0x00, 0x00, 0x00, 0x00, 0x00, 0x00, 0x00, 0x00, 0x00, 0x00, 0x00, 0x00, 0x00,
   0x00, 0x00, 0x00, 0x00, 0x00, 0x00, 0x00, 0x00, 0x00, 0x00, 0x00, 0x00, 0x00, 0x00, 0x00, 0x00,
   0x00, 0x00, 0x00, 0x00, 0x00, 0x00, 0x00, 0x00, 0x00, 0x00, 0x00, 0x00, 0x00, 0x00, 0x00, 0x00,
   0x00, 0x00, 0x00, 0x00, 0x00, 0x00, 0x00, 0x00, 0x00, 0x00, 0x00, 0x00, 0x00, 0x00, 0x00, 0x00,
   0x00, 0x00, 0x00, 0x00, 0x00, 0x00, 0x00, 0x00, 0x00, 0x00, 0x00, 0x00, 0x00, 0x00, 0x00, 0x00,
   0x00, 0x4E, 0x00, 0x4E, 0x00, 0x4E, 0x00, 0x4E, 0x00, 0x4E, 0x00, 0x4E, 0x00, 0x4E, 0x00, 0x4E,
   0x00, 0x4E, 0x00, 0x4E, 0x00, 0x4E, 0x00, 0x4E, 0x00, 0x4E, 0x00, 0x4E, 0x00, 0x4E, 0x00, 0x4E,
   0x00, 0x4E, 0x00, 0x4E, 0x00, 0x4E, 0x00, 0x4E, 0x00, 0x4E, 0x00, 0x4E, 0x00, 0x4E, 0x00, 0x4E,
   0x00, 0x4E, 0x00, 0x4E, 0x00, 0x4E, 0x00, 0x4E, 0x00, 0x4E, 0x00, 0x4E, 0x00, 0x4E, 0x00, 0x4E,
   0x00, 0x4E, 0x00, 0x4E, 0x00, 0x4E, 0x00, 0x4E, 0x00, 0x4E, 0x00, 0x4E, 0x00, 0x4E, 0x00, 0x4E,
   0x00, 0x4E, 0x00, 0x4E, 0x00, 0x4E, 0x00, 0x4E, 0x00, 0x4E, 0x00, 0x4E, 0x00, 0x4E, 0x00, 0x4E,
   0x00, 0x4E, 0x00, 0x4E, 0x00, 0x4E, 0x00, 0x4E, 0x00, 0x4E, 0x00, 0x4E, 0x00, 0x4E, 0x00, 0x4E,
   0x00, 0x4E, 0x00, 0x4E, 0x00, 0x4E, 0x00, 0x4E, 0x00, 0x4E, 0x00, 0x4E, 0x00, 0x4E, 0x00, 0x4E,
   0x00, 0x4E, 0x00, 0x4E, 0x00, 0x4E, 0x00, 0x4E, 0x00, 0x4E, 0x00, 0x4E, 0x00, 0x4E, 0x00, 0x4E,
   0x00, 0x4E, 0x00, 0x4E, 0x00, 0x4E, 0x00, 0x4E, 0x00, 0x4E, 0x00, 0x4E, 0x00, 0x4E, 0x00, 0x4E,
   0x00, 0x4E, 0x00, 0x4E, 0x00, 0x4E, 0x00, 0x4E, 0x00, 0x4E, 0x00, 0x4E, 0x00, 0x4E, 0x00, 0x00,
   0x00, 0x00, 0x00, 0x00, 0x00, 0x00, 0x00, 0x4E, 0x00, 0x4E, 0x00, 0x4E, 0x00, 0x4E, 0x00, 0x4E,
   0x00, 0x4E, 0x00, 0x4E, 0x00, 0x4E, 0x00, 0x4E, 0x00, 0x4E, 0x00, 0x4E, 0x00, 0x4E, 0x00, 0x00,
   0x00, 0x00, 0x00, 0x00, 0x00, 0x00, 0x00, 0x4E, 0x00, 0x4E, 0x00, 0x4E, 0x00, 0x4E, 0x00, 0x4E,
   0x00, 0x4E, 0x00, 0x4E, 0x00, 0x4E, 0x00, 0x4E, 0x00, 0x4E, 0x00, 0x4E, 0x00, 0x4E, 0x00, 0x00,
   0x00, 0x00, 0x00, 0x00, 0x00, 0x00, 0x00, 0x4E, 0x00, 0x4E, 0x00, 0x4E, 0x00, 0x4E, 0x00, 0x4E,
   0x00, 0x4E, 0x00, 0x4E, 0x00, 0x4E, 0x00, 0x4E, 0x00, 0x4E, 0x00, 0x4E, 0x00, 0x4E, 0x00, 0x00,
   0x00, 0x00, 0x00, 0x00, 0x00, 0x00, 0x00, 0x4E, 0x00, 0x4E, 0x00, 0x4E, 0x00, 0x4E, 0x00, 0x4E,
   0x00, 0x4E, 0x00, 0x4E, 0x00, 0x4E, 0x00, 0x4E, 0x00, 0x4E, 0x00, 0x4E, 0x00, 0x4E, 0x00, 0x00,
   0x00, 0x00, 0x00, 0x00, 0x00, 0x00, 0x00, 0x4E, 0x00, 0x4E, 0x00, 0x4E, 0x00, 0x4E, 0x00, 0x4E,
   0x00, 0x4E, 0x00, 0x4E, 0x00, 0x4E, 0x00, 0x4E, 0x00, 0x4E, 0x00, 0x4E, 0x00, 0x4E, 0x00, 0x00,
   0x00, 0x00, 0x00, 0x00, 0x00, 0x00, 0x00, 0x4E, 0x00, 0x4E, 0x00, 0x4E, 0x00, 0x4E, 0x00, 0x4E,
   0x00, 0x4E, 0x00, 0x4E, 0x00, 0x4E, 0x00, 0x4E, 0x00, 0x4E, 0x00, 0x4E, 0x00, 0x4E, 0x00, 0x00,
   0x00, 0x00, 0x00, 0x00, 0x00, 0x00, 0x00, 0x4E, 0x00, 0x4E, 0x00, 0x4E, 0x00, 0x4E, 0x00, 0x4E,
   0x00, 0x4E, 0x00, 0x4E, 0x00, 0x4E, 0x00, 0x4E, 0x00, 0x4E, 0x00, 0x4E, 0x00, 0x4E, 0x00, 0x00,
   0x00, 0x00, 0x00, 0x00, 0x00, 0x00, 0x00, 0x4E, 0x00, 0x4E, 0x00, 0x4E, 0x00, 0x4E, 0x00, 0x4E,
   0x00, 0x4E, 0x00, 0x4E, 0x00, 0x4E, 0x00, 0x4E, 0x00, 0x4E, 0x00, 0x4E, 0x00, 0x4E, 0x00, 0x00,
   0x00, 0x00, 0x00, 0x00, 0x00, 0x00, 0x00, 0x4E, 0x00, 0x4E, 0x00, 0x4E, 0x00, 0x4E, 0x00, 0x4E,
   0x00, 0x4E, 0x00, 0x4E, 0x00, 0x4E, 0x00, 0x4E, 0x00, 0x4E, 0x00, 0x4E, 0x00, 0x4E, 0x00, 0x00,
   0x00, 0x00, 0x00, 0x00, 0x00, 0x00, 0x00, 0x4E, 0x00, 0x4E, 0x00, 0x4E, 0x00, 0x4E, 0x00, 0x4E,
   0x00, 0x4E, 0x00, 0x4E, 0x00, 0x4E, 0x00, 0x4E, 0x00, 0x4E, 0x00, 0x4E, 0x00, 0x4E, 0x00, 0x00,
   0x00, 0x00, 0x00, 0x00, 0x00, 0x00, 0x00, 0x4E, 0x00, 0x4E, 0x00, 0x4E, 0x00, 0x4E, 0x00, 0x4E,
   0x00, 0x4E, 0x00, 0x4E, 0x00, 0x4E, 0x00, 0x4E, 0x00, 0x4E, 0x00, 0x4E, 0x00, 0x4E, 0x00, 0x00,
   0x00, 0x00, 0x00, 0x00, 0x00, 0x00, 0x00, 0x4E, 0x00, 0x4E, 0x00, 0x4E, 0x00, 0x4E, 0x00, 0x4E,
   0x00, 0x4E, 0x00, 0x4E, 0x00, 0x4E, 0x00, 0x4E, 0x00, 0x4E, 0x00, 0x4E, 0x00, 0x4E, 0x00, 0x00,
   0x00, 0x00, 0x00, 0x00, 0x00, 0x00, 0x00, 0x4E, 0x00, 0x4E, 0x00, 0x4E, 0x00, 0x4E, 0x00, 0x4E,
   0x00, 0x4E, 0x00, 0x4E, 0x00, 0x4E, 0x00, 0x4E, 0x00, 0x4E, 0x00, 0x4E, 0x00, 0x4E, 0x00, 0x00,
   0x00, 0x00, 0x00, 0x00, 0x00, 0x00, 0x00, 0x4E, 0x00, 0x4E, 0x00, 0x4E, 0x00, 0x4E, 0x00, 0x4E,
   0x00, 0x4E, 0x00, 0x4E, 0x00, 0x4E, 0x00, 0x4E, 0x00, 0x4E, 0x00, 0x4E, 0x00, 0x4E, 0x00, 0x00,
   0x00, 0x00, 0x00, 0x00, 0x00, 0x00, 0x00, 0x4E, 0x00, 0x4E, 0x00, 0x4E, 0x00, 0x4E, 0x00, 0x4E,
   0x00, 0x4E, 0x00, 0x4E, 0x00, 0x4E, 0x00, 0x4E, 0x00, 0x4E, 0x00, 0x4E, 0x00, 0x4E, 0x00, 0x00,
   0x00, 0x00, 0x00, 0x00, 0x00, 0x00, 0x00, 0x4E, 0x00, 0x4E, 0x00, 0x4E, 0x00, 0x4E, 0x00, 0x4E,
   0x00, 0x4E, 0x00, 0x4E, 0x00, 0x4E, 0x00, 0x4E, 0x00, 0x4E, 0x00, 0x00, 0x00, 0x00, 0x00, 0x00,
   0x00, 0x00, 0x00, 0x4E, 0x00, 0x4E, 0x00, 0x4E, 0x00, 0x4E, 0x00, 0x4E, 0x00, 0x4E, 0x00, 0x4E,
   0x00, 0x4E, 0x00, 0x4E, 0x00, 0x4E, 0x00, 0x4E, 0x00, 0x4E, 0x00, 0x00, 0x00, 0x00, 0x00, 0x00,
   0x00, 0x00, 0x00, 0x4E, 0x00, 0x4E, 0x00, 0x4E, 0x00, 0x4E, 0x00, 0x4E, 0x00, 0x4E, 0x00, 0x4E,
   0x00, 0x4E, 0x00, 0x4E, 0x00, 0x4E, 0x00, 0x4E, 0x00, 0x4E, 0x00, 0x00, 0x00, 0x00, 0x00, 0x00,
   0x00, 0x00, 0x00, 0x4E, 0x00, 0x4E, 0x00, 0x4E, 0x00, 0x4E, 0x00, 0x4E, 0x00, 0x4E, 0x00, 0x4E,
   0x00, 0x4E, 0x00, 0x4E, 0x00, 0x4E, 0x00, 0x4E, 0x00, 0x4E, 0x00, 0x00, 0x00, 0x00, 0x00, 0x00,
   0x00, 0x00, 0x00, 0x4E, 0x00, 0x4E, 0x00, 0x4E, 0x00, 0x4E, 0x00, 0x4E, 0x00, 0x4E, 0x00, 0x4E,
   0x00, 0x4E, 0x00, 0x4E, 0x00, 0x4E, 0x00, 0x4E, 0x00, 0x4E, 0x00, 0x00, 0x00, 0x00, 0x00, 0x00,
   0x00, 0x00, 0x00, 0x4E, 0x00, 0x4E, 0x00, 0x4E, 0x00, 0x4E, 0x00, 0x4E, 0x00, 0x4E, 0x00, 0x4E,
   0x00, 0x4E, 0x00, 0x4E, 0x00, 0x4E, 0x00, 0x4E, 0x00, 0x4E, 0x00, 0x00, 0x00, 0x00, 0x00, 0x00,
   0x00, 0x00, 0x00, 0x4E, 0x00, 0x4E, 0x00, 0x4E, 0x00, 0x4E, 0x00, 0x4E, 0x00, 0x4E, 0x00, 0x4E,
   0x00, 0x4E, 0x00, 0x4E, 0x00, 0x4E, 0x00, 0x4E, 0x00, 0x4E, 0x00, 0x00, 0x00, 0x00, 0x00, 0x00,
   0x00, 0x00, 0x00, 0x4E, 0x00, 0x4E, 0x00, 0x4E, 0x00, 0x4E, 0x00, 0x4E, 0x00, 0x4E, 0x00, 0x4E,
   0x00, 0x4E, 0x00, 0x4E, 0x00, 0x4E, 0x00, 0x4E, 0x00, 0x4E, 0x00, 0x00, 0x00, 0x00, 0x00, 0x00,
   0x00, 0x00, 0x00, 0x4E, 0x00, 0x4E, 0x00, 0x4E, 0x00, 0x4E, 0x00, 0x4E, 0x00, 0x4E, 0x00, 0x4E,
   0x00, 0x4E, 0x00, 0x4E, 0x00, 0x4E, 0x00, 0x4E, 0x00, 0x4E, 0x00, 0x00, 0x00, 0x00, 0x00, 0x00,
   0x00, 0x00, 0x00, 0x4E, 0x00, 0x4E, 0x00, 0x4E, 0x00, 0x4E, 0x00, 0x4E, 0x00, 0x4E, 0x00, 0x4E,
   0x00, 0x4E, 0x00, 0x4E, 0x00, 0x4E, 0x00, 0x4E, 0x00, 0x4E, 0x00, 0x00, 0x00, 0x00, 0x00, 0x00,
   0x00, 0x00, 0x00, 0x4E, 0x00, 0x4E, 0x00, 0x4E, 0x00, 0x4E, 0x00, 0x4E, 0x00, 0x4E, 0x00, 0x4E,
   0x00, 0x4E, 0x00, 0x4E, 0x00, 0x4E, 0x00, 0x4E, 0x00, 0x4E, 0x00, 0x00, 0x00, 0x00, 0x00, 0x00,
   0x00, 0x00, 0x00, 0x4E, 0x00, 0x4E, 0x00, 0x4E, 0x00, 0x4E, 0x00, 0x4E, 0x00, 0x4E, 0x00, 0x4E,
   0x00, 0x4E, 0x00, 0x4E, 0x00, 0x4E, 0x00, 0x4E, 0x00, 0x4E, 0x00, 0x00, 0x00, 0x00, 0x00, 0x00,
   0x00, 0x00, 0x00, 0x4E, 0x00, 0x4E, 0x00, 0x4E, 0x00, 0x4E, 0x00, 0x4E, 0x00, 0x4E, 0x00, 0x4E,
   0x00, 0x4E, 0x00, 0x4E, 0x00, 0x4E, 0x00, 0x4E, 0x00, 0x4E, 0x00, 0x00, 0x00, 0x00, 0x00, 0x00,
   0x00, 0x00, 0x00, 0x4E, 0x00, 0x4E, 0x00, 0x4E, 0x00, 0x4E, 0x00, 0x4E, 0x00, 0x4E, 0x00, 0x4E,
   0x00, 0x4E, 0x00, 0x4E, 0x00, 0x4E, 0x00, 0x4E, 0x00, 0x4E, 0x00, 0x00, 0x00, 0x00, 0x00, 0x00,
   0x00, 0x00, 0x00, 0x4E, 0x00, 0x4E, 0x00, 0x4E, 0x00, 0x4E, 0x00, 0x4E, 0x00, 0x4E, 0x00, 0x4E,
   0x00, 0x4E, 0x00, 0x4E, 0x00, 0x4E, 0x00, 0x4E, 0x00, 0x4E, 0x00, 0x00, 0x00, 0x00, 0x00, 0x00,
   0x00, 0x00, 0x00, 0x4E, 0x00, 0x4E, 0x00, 0x4E, 0x00, 0x4E, 0x00, 0x4E, 0x00, 0x4E, 0x00, 0x4E,
   0x00, 0x4E, 0x00, 0x4E, 0x00, 0x4E, 0x00, 0x4E, 0x00, 0x4E, 0x00, 0x00, 0x00, 0x00, 0x00, 0x00,
   0x00, 0x00, 0x00, 0x4E, 0x00, 0x4E, 0x00, 0x4E, 0x00, 0x4E, 0x00, 0x4E, 0x00, 0x4E, 0x00, 0x4E,
   0xFF, 0xD0, 0xFF, 0xD0, 0xFF, 0xD0, 0xFF, 0xD0, 0xFF, 0xD0, 0xFF, 0xD0, 0xFF, 0xD0, 0xFF, 0xD0,
   0xFF, 0xD0, 0xFF, 0xD0, 0xFF, 0xD0, 0xFF, 0xD0, 0xFF, 0xD0, 0xFF, 0xD0, 0xFF, 0xD0, 0xFF, 0xD0,
   0xFF, 0xD0, 0xFF, 0xD0, 0xFF, 0xD0, 0xFF, 0xD0, 0xFF, 0xD0, 0xFF, 0xD0, 0xFF, 0xD0, 0xFF, 0xD0,
   0xFF, 0xD0, 0xFF, 0xD0, 0xFF, 0xD0, 0xFF, 0xD0, 0xFF, 0xD0, 0xFF, 0xD0, 0xFF, 0xD0, 0xFF, 0xD0,
   0xFF, 0xD0, 0xFF, 0xD0, 0xFF, 0xD0, 0xFF, 0xD0, 0xFF, 0xD0, 0xFF, 0xD0, 0xFF, 0xD0, 0xFF, 0xD0,
   0xFF, 0xD0, 0xFF, 0xD0, 0xFF, 0xD0, 0xFF, 0xD0, 0xFF, 0xD0, 0xFF, 0xD0, 0xFF, 0xD0, 0xFF, 0xD0,
   0xFF, 0xD0, 0xFF, 0xD0, 0xFF, 0xD0, 0xFF, 0xD0, 0xFF, 0xD0, 0xFF, 0xD0, 0xFF, 0xD0, 0xFF, 0xD0,
   0xFF, 0xD0, 0xFF, 0xD0, 0xFF, 0xD0, 0xFF, 0xD0, 0xFF, 0xD0, 0xFF, 0xD0, 0xFF, 0xD0, 0xFF, 0xD0,
   0xFF, 0xD0, 0xFF, 0xD0, 0xFF, 0xD0, 0xFF, 0xD0, 0xFF, 0xD0, 0xFF, 0xD0, 0xFF, 0xD0, 0xFF, 0xD0,
   0xFF, 0xD0, 0xFF, 0xD0, 0xFF, 0xD0, 0xFF, 0xD0, 0xFF, 0xD0, 0xFF, 0xD0, 0xFF, 0xD0, 0xFF, 0xD0,
   0xFF, 0xD0, 0xFF, 0xD0, 0xFF, 0xD0, 0xFF, 0xD0, 0xFF, 0xD0, 0xFF, 0xD0, 0xFF, 0xD0, 0xFF, 0xD0,
   0xFF, 0xD0, 0xFF, 0xD0, 0xFF, 0xD0, 0xFF, 0xD0, 0xFF, 0xD0, 0xFF, 0xD0, 0xFF, 0xD0, 0xFF, 0xD0,
   0xFF, 0xD0, 0xFF, 0xD0, 0xFF, 0xD0, 0xFF, 0xD0, 0xFF, 0xD0, 0xFF, 0xD0, 0xFF, 0xD0, 0xFF, 0xD0,
   0xFF, 0xD0, 0xFF, 0xD0, 0xFF, 0xD0, 0xFF, 0xD0, 0xFF, 0xD0, 0xFF, 0xD0, 0xFF, 0xD0, 0xFF, 0xD0,
   0xFF, 0xD0, 0xFF, 0xD0, 0xFF, 0xD0, 0xFF, 0xD0, 0xFF, 0xD0, 0xFF, 0xD0, 0xFF, 0xD0, 0xFF, 0xD0,
   0xFF, 0xD0, 0xFF, 0xD0, 0xFF, 0xD0, 0xFF, 0xD0, 0xFF, 0xD0, 0xFF, 0xD0, 0xFF, 0xD0, 0xFF, 0xD0,
   0xFC, 0x6B, 0xFC, 0x6B, 0xFF, 0xD0, 0xFF, 0xD0, 0xFC, 0x6B, 0xFC, 0x6B, 0xFF, 0xD0, 0xFF, 0xD0,
   0xFC, 0x6B, 0xFC, 0x6B, 0xFF, 0xD0, 0xFF, 0xD0, 0xFC, 0x6B, 0xFC, 0x6B, 0xFF, 0xD0, 0xFF, 0xD0,
   0xFC, 0x6B, 0xFC, 0x6B, 0xFF, 0xD0, 0xFF, 0xD0, 0xFC, 0x6B, 0xFC, 0x6B, 0xFF, 0xD0, 0xFF, 0xD0,
   0xFC, 0x6B, 0xFC, 0x6B, 0xFF, 0xD0, 0xFF, 0xD0, 0xFC, 0x6B, 0xFC, 0x6B, 0xFF, 0xD0, 0xFF, 0xD0,
   0xFF, 0xD0, 0xFF, 0xD0, 0xFC, 0x6B, 0xFC, 0x6B, 0xFF, 0xD0, 0xFF, 0xD0, 0xFC, 0x6B, 0xFC, 0x6B,
   0xFF, 0xD0, 0xFF, 0xD0, 0xFC, 0x6B, 0xFC, 0x6B, 0xFF, 0xD0, 0xFF, 0xD0, 0xFC, 0x6B, 0xFC, 0x6B,
   0xFF, 0xD0, 0xFF, 0xD0, 0xFC, 0x6B, 0xFC, 0x6B, 0xFF, 0xD0, 0xFF, 0xD0, 0xFC, 0x6B, 0xFC, 0x6B,
   0xFF, 0xD0, 0xFF, 0xD0, 0xFC, 0x6B, 0xFC, 0x6B, 0xFF, 0xD0, 0xFF, 0xD0, 0xFC, 0x6B, 0xFC, 0x6B,
   0xFC, 0x6B, 0xFC, 0x6B, 0xFF, 0xD0, 0xFF, 0xD0, 0xFC, 0x6B, 0xFC, 0x6B, 0xFF, 0xD0, 0xFF, 0xD0,
   0xFC, 0x6B, 0xFC, 0x6B, 0xFF, 0xD0, 0xFF, 0xD0, 0xFC, 0x6B, 0xFC, 0x6B, 0xFF, 0xD0, 0xFF, 0xD0,
   0xFC, 0x6B, 0xFC, 0x6B, 0xFF, 0xD0, 0xFF, 0xD0, 0xFC, 0x6B, 0xFC, 0x6B, 0xFF, 0xD0, 0xFF, 0xD0,
   0xFC, 0x6B, 0xFC, 0x6B, 0xFF, 0xD0, 0xFF, 0xD0, 0xFC, 0x6B, 0xFC, 0x6B, 0xFF, 0xD0, 0xFF, 0xD0,
   0xFF, 0xD0, 0xFF, 0xD0, 0xFC, 0x6B, 0xFC, 0x6B, 0xFF, 0xD0, 0xFF, 0xD0, 0xFC, 0x6B, 0xFC, 0x6B,
   0xFF, 0xD0, 0xFF, 0xD0, 0xFC, 0x6B, 0xFC, 0x6B, 0xFF, 0xD0, 0xFF, 0xD0, 0xFC, 0x6B, 0xFC, 0x6B,
   0xFF, 0xD0, 0xFF, 0xD0, 0xFC, 0x6B, 0xFC, 0x6B, 0xFF, 0xD0, 0xFF, 0xD0, 0xFC, 0x6B, 0xFC, 0x6B,
   0xFF, 0xD0, 0xFF, 0xD0, 0xFC, 0x6B, 0xFC, 0x6B, 0xFF, 0xD0, 0xFF, 0xD0, 0xFC, 0x6B, 0xFC, 0x6B,
   0xFC, 0x6B, 0xFC, 0x6B, 0xFF, 0xD0, 0xFF, 0xD0, 0xFC, 0x6B, 0xFC, 0x6B, 0xFF, 0xD0, 0xFF, 0xD0,
   0xFC, 0x6B, 0xFC, 0x6B, 0xFF, 0xD0, 0xFF, 0xD0, 0xFC, 0x6B, 0xFC, 0x6B, 0xFF, 0xD0, 0xFF, 0xD0,
   0xFC, 0x6B, 0xFC, 0x6B, 0xFF, 0xD0, 0xFF, 0xD0, 0xFC, 0x6B, 0xFC, 0x6B, 0xFF, 0xD0, 0xFF, 0xD0,
   0xFC, 0x6B, 0xFC, 0x6B, 0xFF, 0xD0, 0xFF, 0xD0, 0xFC, 0x6B, 0xFC, 0x6B, 0xFF, 0xD0, 0xFF, 0xD0,
   0xFF, 0xD0, 0xFF, 0xD0, 0xFC, 0x6B, 0xFC, 0x6B, 0xFF, 0xD0, 0xFF, 0xD0, 0xFC, 0x6B, 0xFC, 0x6B,
   0xFF, 0xD0, 0xFF, 0xD0, 0xFC, 0x6B, 0xFC, 0x6B, 0xFF, 0xD0, 0xFF, 0xD0, 0xFC, 0x6B, 0xFC, 0x6B,
   0xFF, 0xD0, 0xFF, 0xD0, 0xFC, 0x6B, 0xFC, 0x6B, 0xFF, 0xD0, 0xFF, 0xD0, 0xFC, 0x6B, 0xFC, 0x6B,
   0xFF, 0xD0, 0xFF, 0xD0, 0xFC, 0x6B, 0xFC, 0x6B, 0xFF, 0xD0, 0xFF, 0xD0, 0xFC, 0x6B, 0xFC, 0x6B,
   0xFC, 0x6B, 0xFC, 0x6B, 0xFF, 0xD0, 0xFF, 0xD0, 0xFC, 0x6B, 0xFC, 0x6B, 0xFF, 0xD0, 0xFF, 0xD0,
   0xFC, 0x6B, 0xFC, 0x6B, 0xFF, 0xD0, 0xFF, 0xD0, 0xFC, 0x6B, 0xFC, 0x6B, 0xFF, 0xD0, 0xFF, 0xD0,
   0xFC, 0x6B, 0xFC, 0x6B, 0xFF, 0xD0, 0xFF, 0xD0, 0xFC, 0x6B, 0xFC, 0x6B, 0xFF, 0xD0, 0xFF, 0xD0,
   0xFC, 0x6B, 0xFC, 0x6B, 0xFF, 0xD0, 0xFF, 0xD0, 0xFC, 0x6B, 0xFC, 0x6B, 0xFF, 0xD0, 0xFF, 0xD0,
   0xFF, 0xD0, 0xFF, 0xD0, 0xFC, 0x6B, 0xFC, 0x6B, 0xFF, 0xD0, 0xFF, 0xD0, 0xFC, 0x6B, 0xFC, 0x6B,
   0xFF, 0xD0, 0xFF, 0xD0, 0xFC, 0x6B, 0xFC, 0x6B, 0xFF, 0xD0, 0xFF, 0xD0, 0xFC, 0x6B, 0xFC, 0x6B,
   0xFF, 0xD0, 0xFF, 0xD0, 0xFC, 0x6B, 0xFC, 0x6B, 0xFF, 0xD0, 0xFF, 0xD0, 0xFC, 0x6B, 0xFC, 0x6B,
   0xFF, 0xD0, 0xFF, 0xD0, 0xFC, 0x6B, 0xFC, 0x6B, 0xFF, 0xD0, 0xFF, 0xD0, 0xFC, 0x6B, 0xFC, 0x6B,
   0xFF, 0xD0, 0xFF, 0xD0, 0xFF, 0xD0, 0xFF, 0xD0, 0xFF, 0xD0, 0xFF, 0xD0, 0xFF, 0xD0, 0xFF, 0xD0,
   0xFF, 0xD0, 0xFF, 0xD0, 0xFF, 0xD0, 0xFF, 0xD0, 0xFF, 0xD0, 0xFF, 0xD0, 0xFF, 0xD0, 0xFF, 0xD0,
   0xFF, 0xD0, 0xFF, 0xD0, 0xFF, 0xD0, 0xFF, 0xD0, 0xFF, 0xD0, 0xFF, 0xD0, 0xFF, 0xD0, 0xFF, 0xD0,
   0xFF, 0xD0, 0xFF, 0xD0, 0xFF, 0xD0, 0xFF, 0xD0, 0xFF, 0xD0, 0xFF, 0xD0, 0xFF, 0xD0, 0xFF, 0xD0,
   0xFF, 0xD0, 0xFF, 0xD0, 0xFF, 0xD0, 0xFF, 0xD0, 0xFF, 0xD0, 0xFF, 0xD0, 0xFF, 0xD0, 0xFF, 0xD0,
   0xFF, 0xD0, 0xFF, 0xD0, 0xFF, 0xD0, 0xFF, 0xD0, 0xFF, 0xD0, 0xFF, 0xD0, 0xFF, 0xD0, 0xFF, 0xD0,
   0xFF, 0xD0, 0xFF, 0xD0, 0xFF, 0xD0, 0xFF, 0xD0, 0xFF, 0xD0, 0xFF, 0xD0, 0xFF, 0xD0, 0xFF, 0xD0,
   0xFF, 0xD0, 0xFF, 0xD0, 0xFF, 0xD0, 0xFF, 0xD0, 0xFF, 0xD0, 0xFF, 0xD0, 0xFF, 0xD0, 0xFF, 0xD0,
   0xFF, 0xD0, 0xFF, 0xD0, 0xFF, 0xD0, 0xFF, 0xD0, 0xFF, 0xD0, 0xFF, 0xD0, 0xFF, 0xD0, 0xFF, 0xD0,
   0xFF, 0xD0, 0xFF, 0xD0, 0xFF, 0xD0, 0xFF, 0xD0, 0xFF, 0xD0, 0xFF, 0xD0, 0xFF, 0xD0, 0xFF, 0xD0,
   0xFF, 0xD0, 0xFF, 0xD0, 0xFF, 0xD0, 0xFF, 0xD0, 0xFF, 0xD0, 0xFF, 0xD0, 0xFF, 0xD0, 0xFF, 0xD0,
   0xFF, 0xD0, 0xFF, 0xD0, 0xFF, 0xD0, 0xFF, 0xD0, 0xFF, 0xD0, 0xFF, 0xD0, 0xFF, 0xD0, 0xFF, 0xD0,
   0xFF, 0xD0, 0xFF, 0xD0, 0xFF, 0xD0, 0xFF, 0xD0, 0xFF, 0xD0, 0xFF, 0xD0, 0xFF, 0xD0, 0xFF, 0xD0,
   0xFF, 0xD0, 0xFF, 0xD0, 0xFF, 0xD0, 0xFF, 0xD0, 0xFF, 0xD0, 0xFF, 0xD0, 0xFF, 0xD0, 0xFF, 0xD0,
   0xFF, 0xD0, 0xFF, 0xD0, 0xFF, 0xD0, 0xFF, 0xD0, 0xFF, 0xD0, 0xFF, 0xD0, 0xFF, 0xD0, 0xFF, 0xD0,
   0xFF, 0xD0, 0xFF, 0xD0, 0xFF, 0xD0, 0xFF, 0xD0, 0xFF, 0xD0, 0xFF, 0xD0, 0xFF, 0xD0, 0xFF, 0xD0,
   0xFF, 0xD0, 0xFF, 0xD0, 0xFF, 0xD0, 0xFF, 0xD0, 0xFF, 0xD0, 0xFF, 0xD0, 0xFF, 0xD0, 0xFF, 0xD0,
   0xFF, 0xD0, 0xFF, 0xD0, 0xFF, 0xD0, 0xFF, 0xD0, 0xFF, 0xD0, 0xFF, 0xD0, 0xFF, 0xD0, 0xFF, 0xD0,
   0xFF, 0xD0, 0xFF, 0xD0, 0xFF, 0xD0, 0xFF, 0xD0, 0xFF, 0xD0, 0xFF, 0xD0, 0xFF, 0xD0, 0xFF, 0xD0,
   0xFF, 0xD0, 0xFF, 0xD0, 0xFF, 0xD0, 0xFF, 0xD0, 0xFF, 0xD0, 0xFF, 0xD0, 0xFF, 0xD0, 0xFF, 0xD0,
   0xFF, 0xD0, 0xFF, 0xD0, 0x67, 0xF7, 0x67, 0xF7, 0x67, 0xF7, 0x67, 0xF7, 0xFF, 0xD0, 0xFF, 0xD0,
   0xFF, 0xD0, 0xFF, 0xD0, 0xFF, 0xD0, 0xFF, 0xD0, 0xFF, 0xD0, 0xFF, 0xD0, 0xFF, 0xD0, 0xFF, 0xD0,
   0xFF, 0xD0, 0xFF, 0xD0, 0x67, 0xF7, 0x67, 0xF7, 0x67, 0xF7, 0x67, 0xF7, 0xFF, 0xD0, 0xFF, 0xD0,
   0xFF, 0xD0, 0xFF, 0xD0, 0xFF, 0xD0, 0xFF, 0xD0, 0xFF, 0xD0, 0xFF, 0xD0, 0xFF, 0xD0, 0xFF, 0xD0,
   0x67, 0xF7, 0x67, 0xF7, 0x67, 0xF7, 0x67, 0xF7, 0x67, 0xF7, 0x67, 0xF7, 0x67, 0xF7, 0x67, 0xF7,
   0xFF, 0xD0, 0xFF, 0xD0, 0xFF, 0xD0, 0xFF, 0xD0, 0xFF, 0xD0, 0xFF, 0xD0, 0xFF, 0xD0, 0xFF, 0xD0,
   0x67, 0xF7, 0x67, 0xF7, 0x67, 0xF7, 0x67, 0xF7, 0x67, 0xF7, 0x67, 0xF7, 0x67, 0xF7, 0x67, 0xF7,
   0xFF, 0xD0, 0xFF, 0xD0, 0xFF, 0xD0, 0xFF, 0xD0, 0xFF, 0xD0, 0xFF, 0xD0, 0xFF, 0xD0, 0xFF, 0xD0,
   0x67, 0xF7, 0x67, 0xF7, 0x67, 0xF7, 0x67, 0xF7, 0x67, 0xF7, 0x67, 0xF7, 0x67, 0xF7, 0x67, 0xF7,
   0x67, 0xF7, 0x67, 0xF7, 0xFF, 0xD0, 0xFF, 0xD0, 0xFF, 0xD0, 0xFF, 0xD0, 0x67, 0xF7, 0x67, 0xF7,
   0x67, 0xF7, 0x67, 0xF7, 0x67, 0xF7, 0x67, 0xF7, 0x67, 0xF7, 0x67, 0xF7, 0x67, 0xF7, 0x67, 0xF7,
   0x67, 0xF7, 0x67, 0xF7, 0xFF, 0xD0, 0xFF, 0xD0, 0xFF, 0xD0, 0xFF, 0xD0, 0x67, 0xF7, 0x67, 0xF7,
   0x67, 0xF7, 0x67, 0xF7, 0x67, 0xF7, 0x67, 0xF7, 0x67, 0xF7, 0x67, 0xF7, 0x67, 0xF7, 0x67, 0xF7,
   0x67, 0xF7, 0x67, 0xF7, 0xFF, 0xD0, 0xFF, 0xD0, 0x67, 0xF7, 0x67, 0xF7, 0x67, 0xF7, 0x67, 0xF7,
   0x67, 0xF7, 0x67, 0xF7, 0x67, 0xF7, 0x67, 0xF7, 0x67, 0xF7, 0x67, 0xF7, 0x67, 0xF7, 0x67, 0xF7,
   0x67, 0xF7, 0x67, 0xF7, 0xFF, 0xD0, 0xFF, 0xD0, 0x67, 0xF7, 0x67, 0xF7, 0x67, 0xF7, 0x67, 0xF7,
   0x67, 0xF7, 0x67, 0xF7, 0x67, 0xF7, 0x67, 0xF7, 0x67, 0xF7, 0x67, 0xF7, 0x67, 0xF7, 0x67, 0xF7,
   0x67, 0xF7, 0x67, 0xF7, 0x67, 0xF7, 0x67, 0xF7, 0x67, 0xF7, 0x67, 0xF7, 0x67, 0xF7, 0x67, 0xF7,
   0x67, 0xF7, 0x67, 0xF7, 0x67, 0xF7, 0x67, 0xF7, 0x67, 0xF7, 0x67, 0xF7, 0x67, 0xF7, 0x67, 0xF7,
   0x67, 0xF7, 0x67, 0xF7, 0x67, 0xF7, 0x67, 0xF7, 0x67, 0xF7, 0x67, 0xF7, 0x67, 0xF7, 0x67, 0xF7,
   0x67, 0xF7, 0x67, 0xF7, 0x67, 0xF7, 0x67, 0xF7, 0x67, 0xF7, 0x67, 0xF7, 0x67, 0xF7, 0x67, 0xF7,
   0x67, 0xF7, 0x67, 0xF7, 0x67, 0xF7, 0x67, 0xF7, 0x67, 0xF7, 0x67, 0xF7, 0x67, 0xF7, 0x67, 0xF7,
   0x67, 0xF7, 0x67, 0xF7, 0x67, 0xF7, 0x67, 0xF7, 0x67, 0xF7, 0x67, 0xF7, 0x67, 0xF7, 0x67, 0xF7,
   0x67, 0xF7, 0x67, 0xF7, 0x67, 0xF7, 0x67, 0xF7, 0x67, 0xF7, 0x67, 0xF7, 0x67, 0xF7, 0x67, 0xF7,
   0x67, 0xF7, 0x67, 0xF7, 0x67, 0xF7, 0x67, 0xF7, 0x67, 0xF7, 0x67, 0xF7, 0x67, 0xF7, 0x67, 0xF7,
   0x67, 0xF7, 0x67, 0xF7, 0x67, 0xF7, 0x67, 0xF7, 0x67, 0xF7, 0x67, 0xF7, 0x67, 0xF7, 0x67, 0xF7,
   0x67, 0xF7, 0x67, 0xF7, 0x67, 0xF7, 0x67, 0xF7, 0x67, 0xF7, 0x67, 0xF7, 0x67, 0xF7, 0x67, 0xF7,
   0x67, 0xF7, 0x67, 0xF7, 0x67, 0xF7, 0x67, 0xF7, 0x67, 0xF7, 0x67, 0xF7, 0x67, 0xF7, 0x67, 0xF7,
   0xFF, 0xD0, 0xFF, 0xD0, 0xFF, 0xD0, 0xFF, 0xD0, 0xFF, 0xD0, 0xFF, 0xD0, 0xFF, 0xD0, 0xFF, 0xD0,
   0xFF, 0xD0, 0xFF, 0xD0, 0xFF, 0xD0, 0xFF, 0xD0, 0xFF, 0xD0, 0xFF, 0xD0, 0xFF, 0xD0, 0xFF, 0xD0,
   0xFF, 0xD0, 0xFF, 0xD0, 0xFF, 0xD0, 0xFF, 0xD0, 0xFF, 0xD0, 0xFF, 0xD0, 0xFF, 0xD0, 0xFF, 0xD0,
   0xFF, 0xD0, 0xFF, 0xD0, 0xFF, 0xD0, 0xFF, 0xD0, 0xFF, 0xD0, 0xFF, 0xD0, 0xFF, 0xD0, 0xFF, 0xD0,
   0xFF, 0xD0, 0xFF, 0xD0, 0xFF, 0xD0, 0xFF, 0xD0, 0xFF, 0xD0, 0xFF, 0xD0, 0xFF, 0xD0, 0xFF, 0xD0,
   0xFF, 0xD0, 0xFF, 0xD0, 0x67, 0xF7, 0x67, 0xF7, 0x67, 0xF7, 0x67, 0xF7, 0xFF, 0xD0, 0xFF, 0xD0,
   0xFF, 0xD0, 0xFF, 0xD0, 0xFF, 0xD0, 0xFF, 0xD0, 0xFF, 0xD0, 0xFF, 0xD0, 0xFF, 0xD0, 0xFF, 0xD0,
   0xFF, 0xD0, 0xFF, 0xD0, 0x67, 0xF7, 0x67, 0xF7, 0x67, 0xF7, 0x67, 0xF7, 0xFF, 0xD0, 0xFF, 0xD0,
   0xFF, 0xD0, 0xFF, 0xD0, 0xFF, 0xD0, 0xFF, 0xD0, 0xFF, 0xD0, 0xFF, 0xD0, 0xFF, 0xD0, 0xFF, 0xD0,
   0x67, 0xF7, 0x67, 0xF7, 0x67, 0xF7, 0x67, 0xF7, 0x67, 0xF7, 0x67, 0xF7, 0x67, 0xF7, 0x67, 0xF7,
   0xFF, 0xD0, 0xFF, 0xD0, 0xFF, 0xD0, 0xFF, 0xD0, 0xFF, 0xD0, 0xFF, 0xD0, 0xFF, 0xD0, 0xFF, 0xD0,
   0x67, 0xF7, 0x67, 0xF7, 0x67, 0xF7, 0x67, 0xF7, 0x67, 0xF7, 0x67, 0xF7, 0x67, 0xF7, 0x67, 0xF7,
   0x67, 0xF7, 0x67, 0xF7, 0xFF, 0xD0, 0xFF, 0xD0, 0xFF, 0xD0, 0xFF, 0xD0, 0x67, 0xF7, 0x67, 0xF7,
   0x67, 0xF7, 0x67, 0xF7, 0x67, 0xF7, 0x67, 0xF7, 0x67, 0xF7, 0x67, 0xF7, 0x67, 0xF7, 0x67, 0xF7,
   0x67, 0xF7, 0x67, 0xF7, 0xFF, 0xD0, 0xFF, 0xD0, 0xFF, 0xD0, 0xFF, 0xD0, 0x67, 0xF7, 0x67, 0xF7,
   0x67, 0xF7, 0x67, 0xF7, 0x67, 0xF7, 0x67, 0xF7, 0x67, 0xF7, 0x67, 0xF7, 0x67, 0xF7, 0x67, 0xF7,
   0x67, 0xF7, 0x67, 0xF7, 0x67, 0xF7, 0x67, 0xF7, 0xFF, 0xD0, 0xFF, 0xD0, 0x67, 0xF7, 0x67, 0xF7,
   0x67, 0xF7, 0x67, 0xF7, 0x67, 0xF7, 0x67, 0xF7, 0x67, 0xF7, 0x67, 0xF7, 0x67, 0xF7, 0x67, 0xF7,
   0x67, 0xF7, 0x67, 0xF7, 0x67, 0xF7, 0x67, 0xF7, 0xFF, 0xD0, 0xFF, 0xD0, 0x67, 0xF7, 0x67, 0xF7,
   0x67, 0xF7, 0x67, 0xF7, 0x67, 0xF7, 0x67, 0xF7, 0x67, 0xF7, 0x67, 0xF7, 0x67, 0xF7, 0x67, 0xF7,
   0x67, 0xF7, 0x67, 0xF7, 0x67, 0xF7, 0x67, 0xF7, 0x67, 0xF7, 0x67, 0xF7, 0x67, 0xF7, 0x67, 0xF7,
   0x67, 0xF7, 0x67, 0xF7, 0x67, 0xF7, 0x67, 0xF7, 0x67, 0xF7, 0x67, 0xF7, 0x67, 0xF7, 0x67, 0xF7,
   0x67, 0xF7, 0x67, 0xF7, 0x67, 0xF7, 0x67, 0xF7, 0x67, 0xF7, 0x67, 0xF7, 0x67, 0xF7, 0x67, 0xF7,
   0x67, 0xF7, 0x67, 0xF7, 0x67, 0xF7, 0x67, 0xF7, 0x67, 0xF7, 0x67, 0xF7, 0x67, 0xF7, 0x67, 0xF7,
   0x67, 0xF7, 0x67, 0xF7, 0x67, 0xF7, 0x67, 0xF7, 0x67, 0xF7, 0x67, 0xF7, 0x67, 0xF7, 0x67, 0xF7,
   0x67, 0xF7, 0x67, 0xF7, 0x67, 0xF7, 0x67, 0xF7, 0x67, 0xF7, 0x67, 0xF7, 0x67, 0xF7, 0x67, 0xF7,
   0x67, 0xF7, 0x67, 0xF7, 0x67, 0xF7, 0x67, 0xF7, 0x67, 0xF7, 0x67, 0xF7, 0x67, 0xF7, 0x67, 0xF7,
   0x67, 0xF7, 0x67, 0xF7, 0x67, 0xF7, 0x67, 0xF7, 0x67, 0xF7, 0x67, 0xF7, 0x67, 0xF7, 0x67, 0xF7,
   0x67, 0xF7, 0x67, 0xF7, 0x67, 0xF7, 0x67, 0xF7, 0x67, 0xF7, 0x67, 0xF7, 0x67, 0xF7, 0x67, 0xF7,
   0x67, 0xF7, 0x67, 0xF7, 0x67, 0xF7, 0x67, 0xF7, 0x67, 0xF7, 0x67, 0xF7, 0x67, 0xF7, 0x67, 0xF7,
   0x67, 0xF7, 0x67, 0xF7, 0x67, 0xF7, 0x67, 0xF7, 0x67, 0xF7, 0x67, 0xF7, 0x67, 0xF7, 0x67, 0xF7,
   0x67, 0xF7, 0x67, 0xF7, 0x67, 0xF7, 0x67, 0xF7, 0x67, 0xF7, 0x67, 0xF7, 0x67, 0xF7, 0x67, 0xF7,
   0xFF, 0xD0, 0xFF, 0xD0, 0xFF, 0xD0, 0xFF, 0xD0, 0x67, 0xF7, 0x67, 0xF7, 0x67, 0xF7, 0x67, 0xF7,
   0x67, 0xF7, 0x67, 0xF7, 0x67, 0xF7, 0x67, 0xF7, 0x67, 0xF7, 0x67, 0xF7, 0x67, 0xF7, 0x67, 0xF7,
   0xFF, 0xD0, 0xFF, 0xD0, 0xFF, 0xD0, 0xFF, 0xD0, 0x67, 0xF7, 0x67, 0xF7, 0x67, 0xF7, 0x67, 0xF7,
   0x67, 0xF7, 0x67, 0xF7, 0x67, 0xF7, 0x67, 0xF7, 0x67, 0xF7, 0x67, 0xF7, 0x67, 0xF7, 0x67, 0xF7,
   0xFF, 0xD0, 0xFF, 0xD0, 0x67, 0xF7, 0x67, 0xF7, 0x67, 0xF7, 0x67, 0xF7, 0x67, 0xF7, 0x67, 0xF7,
   0x67, 0xF7, 0x67, 0xF7, 0x67, 0xF7, 0x67, 0xF7, 0x67, 0xF7, 0x67, 0xF7, 0x67, 0xF7, 0x67, 0xF7,
   0xFF, 0xD0, 0xFF, 0xD0, 0x67, 0xF7, 0x67, 0xF7, 0x67, 0xF7, 0x67, 0xF7, 0x67, 0xF7, 0x67, 0xF7,
   0x67, 0xF7, 0x67, 0xF7, 0x67, 0xF7, 0x67, 0xF7, 0x67, 0xF7, 0x67, 0xF7, 0x67, 0xF7, 0x67, 0xF7,
   0xFF, 0xD0, 0xFF, 0xD0, 0x67, 0xF7, 0x67, 0xF7, 0x67, 0xF7, 0x67, 0xF7, 0x67, 0xF7, 0x67, 0xF7,
   0x67, 0xF7, 0x67, 0xF7, 0x67, 0xF7, 0x67, 0xF7, 0x67, 0xF7, 0x67, 0xF7, 0x67, 0xF7, 0x67, 0xF7,
   0xFF, 0xD0, 0xFF, 0xD0, 0x67, 0xF7, 0x67, 0xF7, 0x67, 0xF7, 0x67, 0xF7, 0x67, 0xF7, 0x67, 0xF7,
   0x67, 0xF7, 0x67, 0xF7, 0x67, 0xF7, 0x67, 0xF7, 0x67, 0xF7, 0x67, 0xF7, 0x67, 0xF7, 0x67, 0xF7,
   0xFF, 0xD0, 0xFF, 0xD0, 0xFF, 0xD0, 0xFF, 0xD0, 0x67, 0xF7, 0x67, 0xF7, 0x67, 0xF7, 0x67, 0xF7,
   0x67, 0xF7, 0x67, 0xF7, 0x67, 0xF7, 0x67, 0xF7, 0x67, 0xF7, 0x67, 0xF7, 0x67, 0xF7, 0x67, 0xF7,
   0xFF, 0xD0, 0xFF, 0xD0, 0xFF, 0xD0, 0xFF, 0xD0, 0x67, 0xF7, 0x67, 0xF7, 0x67, 0xF7, 0x67, 0xF7,
   0x67, 0xF7, 0x67, 0xF7, 0x67, 0xF7, 0x67, 0xF7, 0x67, 0xF7, 0x67, 0xF7, 0x67, 0xF7, 0x67, 0xF7,
   0xFF, 0xD0, 0xFF, 0xD0, 0xFF, 0xD0, 0xFF, 0xD0, 0xFF, 0xD0, 0xFF, 0xD0, 0x67, 0xF7, 0x67, 0xF7,
   0x67, 0xF7, 0x67, 0xF7, 0x67, 0xF7, 0x67, 0xF7, 0x67, 0xF7, 0x67, 0xF7, 0x67, 0xF7, 0x67, 0xF7,
   0xFF, 0xD0, 0xFF, 0xD0, 0xFF, 0xD0, 0xFF, 0xD0, 0xFF, 0xD0, 0xFF, 0xD0, 0x67, 0xF7, 0x67, 0xF7,
   0x67, 0xF7, 0x67, 0xF7, 0x67, 0xF7, 0x67, 0xF7, 0x67, 0xF7, 0x67, 0xF7, 0x67, 0xF7, 0x67, 0xF7,
   0xFF, 0xD0, 0xFF, 0xD0, 0xFF, 0xD0, 0xFF, 0xD0, 0xFF, 0xD0, 0xFF, 0xD0, 0xFF, 0xD0, 0xFF, 0xD0,
   0xFF, 0xD0, 0xFF, 0xD0, 0x67, 0xF7, 0x67, 0xF7, 0x67, 0xF7, 0x67, 0xF7, 0x67, 0xF7, 0x67, 0xF7,
   0xFF, 0xD0, 0xFF, 0xD0, 0xFF, 0xD0, 0xFF, 0xD0, 0xFF, 0xD0, 0xFF, 0xD0, 0xFF, 0xD0, 0xFF, 0xD0,
   0xFF, 0xD0, 0xFF, 0xD0, 0x67, 0xF7, 0x67, 0xF7, 0x67, 0xF7, 0x67, 0xF7, 0x67, 0xF7, 0x67, 0xF7,
   0xFF, 0xD0, 0xFF, 0xD0, 0xFF, 0xD0, 0xFF, 0xD0, 0xFF, 0xD0, 0xFF, 0xD0, 0xFF, 0xD0, 0xFF, 0xD0,
   0x67, 0xF7, 0x67, 0xF7, 0x67, 0xF7, 0x67, 0xF7, 0x67, 0xF7, 0x67, 0xF7, 0x67, 0xF7, 0x67, 0xF7,
   0xFF, 0xD0, 0xFF, 0xD0, 0xFF, 0xD0, 0xFF, 0xD0, 0xFF, 0xD0, 0xFF, 0xD0, 0xFF, 0xD0, 0xFF, 0xD0,
   0x67, 0xF7, 0x67, 0xF7, 0x67, 0xF7, 0x67, 0xF7, 0x67, 0xF7, 0x67, 0xF7, 0x67, 0xF7, 0x67, 0xF7,
   0xFF, 0xD0, 0xFF, 0xD0, 0xFF, 0xD0, 0xFF, 0xD0, 0xFF, 0xD0, 0xFF, 0xD0, 0x67, 0xF7, 0x67, 0xF7,
   0x67, 0xF7, 0x67, 0xF7, 0x67, 0xF7, 0x67, 0xF7, 0x67, 0xF7, 0x67, 0xF7, 0x67, 0xF7, 0x67, 0xF7,
   0xFF, 0xD0, 0xFF, 0xD0, 0xFF, 0xD0, 0xFF, 0xD0, 0xFF, 0xD0, 0xFF, 0xD0, 0x67, 0xF7, 0x67, 0xF7,
   0x67, 0xF7, 0x67, 0xF7, 0x67, 0xF7, 0x67, 0xF7, 0x67, 0xF7, 0x67, 0xF7, 0x67, 0xF7, 0x67, 0xF7,
   0x67, 0xF7, 0x67, 0xF7, 0x67, 0xF7, 0x67, 0xF7, 0x67, 0xF7, 0x67, 0xF7, 0x67, 0xF7, 0x67, 0xF7,
   0x67, 0xF7, 0x67, 0xF7, 0x67, 0xF7, 0x67, 0xF7, 0xFF, 0xD0, 0xFF, 0xD0, 0xFF, 0xD0, 0xFF, 0xD0,
   0x67, 0xF7, 0x67, 0xF7, 0x67, 0xF7, 0x67, 0xF7, 0x67, 0xF7, 0x67, 0xF7, 0x67, 0xF7, 0x67, 0xF7,
   0x67, 0xF7, 0x67, 0xF7, 0x67, 0xF7, 0x67, 0xF7, 0xFF, 0xD0, 0xFF, 0xD0, 0xFF, 0xD0, 0xFF, 0xD0,
   0x67, 0xF7, 0x67, 0xF7, 0x67, 0xF7, 0x67, 0xF7, 0x67, 0xF7, 0x67, 0xF7, 0x67, 0xF7, 0x67, 0xF7,
   0x67, 0xF7, 0x67, 0xF7, 0x67, 0xF7, 0x67, 0xF7, 0x67, 0xF7, 0x67, 0xF7, 0xFF, 0xD0, 0xFF, 0xD0,
   0x67, 0xF7, 0x67, 0xF7, 0x67, 0xF7, 0x67, 0xF7, 0x67, 0xF7, 0x67, 0xF7, 0x67, 0xF7, 0x67, 0xF7,
   0x67, 0xF7, 0x67, 0xF7, 0x67, 0xF7, 0x67, 0xF7, 0x67, 0xF7, 0x67, 0xF7, 0xFF, 0xD0, 0xFF, 0xD0,
   0x67, 0xF7, 0x67, 0xF7, 0x67, 0xF7, 0x67, 0xF7, 0x67, 0xF7, 0x67, 0xF7, 0x67, 0xF7, 0x67, 0xF7,
   0x67, 0xF7, 0x67, 0xF7, 0x67, 0xF7, 0x67, 0xF7, 0x67, 0xF7, 0x67, 0xF7, 0xFF, 0xD0, 0xFF, 0xD0,
   0x67, 0xF7, 0x67, 0xF7, 0x67, 0xF7, 0x67, 0xF7, 0x67, 0xF7, 0x67, 0xF7, 0x67, 0xF7, 0x67, 0xF7,
   0x67, 0xF7, 0x67, 0xF7, 0x67, 0xF7, 0x67, 0xF7, 0x67, 0xF7, 0x67, 0xF7, 0xFF, 0xD0, 0xFF, 0xD0,
   0x67, 0xF7, 0x67, 0xF7, 0x67, 0xF7, 0x67, 0xF7, 0x67, 0xF7, 0x67, 0xF7, 0x67, 0xF7, 0x67, 0xF7,
   0x67, 0xF7, 0x67, 0xF7, 0x67, 0xF7, 0x67, 0xF7, 0xFF, 0xD0, 0xFF, 0xD0, 0xFF, 0xD0, 0xFF, 0xD0,
   0x67, 0xF7, 0x67, 0xF7, 0x67, 0xF7, 0x67, 0xF7, 0x67, 0xF7, 0x67, 0xF7, 0x67, 0xF7, 0x67, 0xF7,
   0x67, 0xF7, 0x67, 0xF7, 0x67, 0xF7, 0x67, 0xF7, 0xFF, 0xD0, 0xFF, 0xD0, 0xFF, 0xD0, 0xFF, 0xD0,
   0x67, 0xF7, 0x67, 0xF7, 0x67, 0xF7, 0x67, 0xF7, 0x67, 0xF7, 0x67, 0xF7, 0x67, 0xF7, 0x67, 0xF7,
   0x67, 0xF7, 0x67, 0xF7, 0xFF, 0xD0, 0xFF, 0xD0, 0xFF, 0xD0, 0xFF, 0xD0, 0xFF, 0xD0, 0xFF, 0xD0,
   0x67, 0xF7, 0x67, 0xF7, 0x67, 0xF7, 0x67, 0xF7, 0x67, 0xF7, 0x67, 0xF7, 0x67, 0xF7, 0x67, 0xF7,
   0x67, 0xF7, 0x67, 0xF7, 0xFF, 0xD0, 0xFF, 0xD0, 0xFF, 0xD0, 0xFF, 0xD0, 0xFF, 0xD0, 0xFF, 0xD0,
   0x67, 0xF7, 0x67, 0xF7, 0x67, 0xF7, 0x67, 0xF7, 0x67, 0xF7, 0x67, 0xF7, 0xFF, 0xD0, 0xFF, 0xD0,
   0xFF, 0xD0, 0xFF, 0xD0, 0xFF, 0xD0, 0xFF, 0xD0, 0xFF, 0xD0, 0xFF, 0xD0, 0xFF, 0xD0, 0xFF, 0xD0,
   0x67, 0xF7, 0x67, 0xF7, 0x67, 0xF7, 0x67, 0xF7, 0x67, 0xF7, 0x67, 0xF7, 0xFF, 0xD0, 0xFF, 0xD0,
   0xFF, 0xD0, 0xFF, 0xD0, 0xFF, 0xD0, 0xFF, 0xD0, 0xFF, 0xD0, 0xFF, 0xD0, 0xFF, 0xD0, 0xFF, 0xD0,
   0x67, 0xF7, 0x67, 0xF7, 0x67, 0xF7, 0x67, 0xF7, 0x67, 0xF7, 0x67, 0xF7, 0x67, 0xF7, 0x67, 0xF7,
   0xFF, 0xD0, 0xFF, 0xD0, 0xFF, 0xD0, 0xFF, 0xD0, 0xFF, 0xD0, 0xFF, 0xD0, 0xFF, 0xD0, 0xFF, 0xD0,
   0x67, 0xF7, 0x67, 0xF7, 0x67, 0xF7, 0x67, 0xF7, 0x67, 0xF7, 0x67, 0xF7, 0x67, 0xF7, 0x67, 0xF7,
   0xFF, 0xD0, 0xFF, 0xD0, 0xFF, 0xD0, 0xFF, 0xD0, 0xFF, 0xD0, 0xFF, 0xD0, 0xFF, 0xD0, 0xFF, 0xD0,
   0x67, 0xF7, 0x67, 0xF7, 0x67, 0xF7, 0x67, 0xF7, 0x67, 0xF7, 0x67, 0xF7, 0x67, 0xF7, 0x67, 0xF7,
   0x67, 0xF7, 0x67, 0xF7, 0xFF, 0xD0, 0xFF, 0xD0, 0xFF, 0xD0, 0xFF, 0xD0, 0xFF, 0xD0, 0xFF, 0xD0,
   0x67, 0xF7, 0x67, 0xF7, 0x67, 0xF7, 0x67, 0xF7, 0x67, 0xF7, 0x67, 0xF7, 0x67, 0xF7, 0x67, 0xF7,
   0x67, 0xF7, 0x67, 0xF7, 0xFF, 0xD0, 0xFF, 0xD0, 0xFF, 0xD0, 0xFF, 0xD0, 0xFF, 0xD0, 0xFF, 0xD0,
   0xFF, 0xD0, 0xFF, 0xD0, 0xFF, 0xD0, 0xFF, 0xD0, 0xFF, 0xD0, 0xFF, 0xD0, 0xFF, 0xD0, 0xFF, 0xD0,
   0xFF, 0xD0, 0xFF, 0xD0, 0xFF, 0xD0, 0xFF, 0xD0, 0xFF, 0xD0, 0xFF, 0xD0, 0xFF, 0xD0, 0xFF, 0xD0,
   0xFF, 0xD0, 0xFF, 0xD0, 0xFF, 0xD0, 0xFF, 0xD0, 0xFF, 0xD0, 0xFF, 0xD0, 0xFF, 0xD0, 0xFF, 0xD0,
   0xFF, 0xD0, 0xFF, 0xD0, 0xFF, 0xD0, 0xFF, 0xD0, 0xFF, 0xD0, 0xFF, 0xD0, 0xFF, 0xD0, 0xFF, 0xD0,
   0xFF, 0xD0, 0xFF, 0xD0, 0xFF, 0xD0, 0xFF, 0xD0, 0xFF, 0xD0, 0xFF, 0xD0, 0xFF, 0xD0, 0xFF, 0xD0,
   0xFF, 0xD0, 0xFF, 0xD0, 0xFF, 0xD0, 0xFF, 0xD0, 0xFF, 0xD0, 0xFF, 0xD0, 0xFF, 0xD0, 0xFF, 0xD0,
   0xFF, 0xD0, 0xFF, 0xD0, 0xFF, 0xD0, 0xFF, 0xD0, 0xFF, 0xD0, 0xFF, 0xD0, 0xFF, 0xD0, 0xFF, 0xD0,
   0xFF, 0xD0, 0xFF, 0xD0, 0xFF, 0xD0, 0xFF, 0xD0, 0xFF, 0xD0, 0xFF, 0xD0, 0xFF, 0xD0, 0xFF, 0xD0,
   0xFF, 0xD0, 0xFF, 0xD0, 0xFF, 0xD0, 0xFF, 0xD0, 0xFF, 0xD0, 0xFF, 0xD0, 0xFF, 0xD0, 0xFF, 0xD0,
   0xFF, 0xD0, 0xFF, 0xD0, 0xFF, 0xD0, 0xFF, 0xD0, 0xFF, 0xD0, 0xFF, 0xD0, 0xFF, 0xD0, 0xFF, 0xD0,
   0xFF, 0xD0, 0xFF, 0xD0, 0xFF, 0xD0, 0xFF, 0xD0, 0xFF, 0xD0, 0xFF, 0xD0, 0xFF, 0xD0, 0xFF, 0xD0,
   0xFF, 0xD0, 0xFF, 0xD0, 0xFF, 0xD0, 0xFF, 0xD0, 0xFF, 0xD0, 0xFF, 0xD0, 0xFF, 0xD0, 0xFF, 0xD0,
   0xFF, 0xD0, 0xFF, 0xD0, 0xFF, 0xD0, 0xFF, 0xD0, 0xFF, 0xD0, 0xFF, 0xD0, 0xFF, 0xD0, 0xFF, 0xD0,
   0xFF, 0xD0, 0xFF, 0xD0, 0xFF, 0xD0, 0xFF, 0xD0, 0xFF, 0xD0, 0xFF, 0xD0, 0xFF, 0xD0, 0xFF, 0xD0,
   0xFF, 0xD0, 0xFF, 0xD0, 0xFF, 0xD0, 0xFF, 0xD0, 0xFF, 0xD0, 0xFF, 0xD0, 0xFF, 0xD0, 0xFF, 0xD0,
   0xFF, 0xD0, 0xFF, 0xD0, 0xFF, 0xD0, 0xFF, 0xD0, 0xFF, 0xD0, 0xFF, 0xD0, 0xFF, 0xD0, 0xFF, 0xD0,
   0xFF, 0xD0, 0xFF, 0xD0, 0xFF, 0xD0, 0xFF, 0xD0, 0xFF, 0xD0, 0xFF, 0xD0, 0xFF, 0xD0, 0xFF, 0xD0,
   0xFF, 0xD0, 0xFF, 0xD0, 0xFF, 0xD0, 0xFF, 0xD0, 0xFF, 0xD0, 0xFF, 0xD0, 0xFF, 0xD0, 0xFF, 0xD0,
   0xFF, 0xD0, 0xFF, 0xD0, 0xFF, 0xD0, 0xFF, 0xD0, 0xFF, 0xD0, 0xFF, 0xD0, 0xFF, 0xD0, 0xFF, 0xD0,
   0xFF, 0xD0, 0xFF, 0xD0, 0xFF, 0xD0, 0xFF, 0xD0, 0xFF, 0xD0, 0xFF, 0xD0, 0xFF, 0xD0, 0xFF, 0xD0,
   0xFF, 0xD0, 0xFF, 0xD0, 0xFF, 0xD0, 0xFF, 0xD0, 0xFF, 0xD0, 0xFF, 0xD0, 0xFF, 0xD0, 0xFF, 0xD0,
   0xFF, 0xD0, 0xFF, 0xD0, 0xFF, 0xD0, 0xFF, 0xD0, 0x67, 0xF7, 0x67, 0xF7, 0x67, 0xF7, 0x67, 0xF7,
   0xFF, 0xD0, 0xFF, 0xD0, 0xFF, 0xD0, 0xFF, 0xD0, 0xFF, 0xD0, 0xFF, 0xD0, 0xFF, 0xD0, 0xFF, 0xD0,
   0xFF, 0xD0, 0xFF, 0xD0, 0xFF, 0xD0, 0xFF, 0xD0, 0x67, 0xF7, 0x67, 0xF7, 0x67, 0xF7, 0x67, 0xF7,
   0xFF, 0xD0, 0xFF, 0xD0, 0xFF, 0xD0, 0xFF, 0xD0, 0xFF, 0xD0, 0xFF, 0xD0, 0xFF, 0xD0, 0xFF, 0xD0,
   0xFF, 0xD0, 0xFF, 0xD0, 0x67, 0xF7, 0x67, 0xF7, 0x67, 0xF7, 0x67, 0xF7, 0x67, 0xF7, 0x67, 0xF7,
   0xFF, 0xD0, 0xFF, 0xD0, 0xFF, 0xD0, 0xFF, 0xD0, 0xFF, 0xD0, 0xFF, 0xD0, 0xFF, 0xD0, 0xFF, 0xD0,
   0xFF, 0xD0, 0xFF, 0xD0, 0x67, 0xF7, 0x67, 0xF7, 0x67, 0xF7, 0x67, 0xF7, 0x67, 0xF7, 0x67, 0xF7,
   0xFF, 0xD0, 0xFF, 0xD0, 0xFF, 0xD0, 0xFF, 0xD0, 0xFF, 0xD0, 0xFF, 0xD0, 0xFF, 0xD0, 0xFF, 0xD0,
   0xFF, 0xD0, 0xFF, 0xD0, 0x67, 0xF7, 0x67, 0xF7, 0x67, 0xF7, 0x67, 0xF7, 0x67, 0xF7, 0x67, 0xF7,
   0xFF, 0xD0, 0xFF, 0xD0, 0xFF, 0xD0, 0xFF, 0xD0, 0xFF, 0xD0, 0xFF, 0xD0, 0xFF, 0xD0, 0xFF, 0xD0,
   0xFF, 0xD0, 0xFF, 0xD0, 0x67, 0xF7, 0x67, 0xF7, 0x67, 0xF7, 0x67, 0xF7, 0x67, 0xF7, 0x67, 0xF7,
   0xFF, 0xD0, 0xFF, 0xD0, 0xFF, 0xD0, 0xFF, 0xD0, 0xFF, 0xD0, 0xFF, 0xD0, 0xFF, 0xD0, 0xFF, 0xD0,
   0xFF, 0xD0, 0xFF, 0xD0, 0xFF, 0xD0, 0xFF, 0xD0, 0xFF, 0xD0, 0xFF, 0xD0, 0xFF, 0xD0, 0xFF, 0xD0,
   0xFF, 0xD0, 0xFF, 0xD0, 0xFF, 0xD0, 0xFF, 0xD0, 0xFF, 0xD0, 0xFF, 0xD0, 0xFF, 0xD0, 0xFF, 0xD0,
   0xFF, 0xD0, 0xFF, 0xD0, 0xFF, 0xD0, 0xFF, 0xD0, 0xFF, 0xD0, 0xFF, 0xD0, 0xFF, 0xD0, 0xFF, 0xD0,
   0xFF, 0xD0, 0xFF, 0xD0, 0xFF, 0xD0, 0xFF, 0xD0, 0xFF, 0xD0, 0xFF, 0xD0, 0xFF, 0xD0, 0xFF, 0xD0,
   0xFF, 0xD0, 0xFF, 0xD0, 0xFF, 0xD0, 0xFF, 0xD0, 0xFF, 0xD0, 0xFF, 0xD0, 0xFF, 0xD0, 0xFF, 0xD0,
   0xFF, 0xD0, 0xFF, 0xD0, 0xFF, 0xD0, 0xFF, 0xD0, 0xFF, 0xD0, 0xFF, 0xD0, 0xFF, 0xD0, 0xFF, 0xD0,
   0xFF, 0xD0, 0xFF, 0xD0, 0xFF, 0xD0, 0xFF, 0xD0, 0xFF, 0xD0, 0xFF, 0xD0, 0xFF, 0xD0, 0xFF, 0xD0,
   0xFF, 0xD0, 0xFF, 0xD0, 0xFF, 0xD0, 0xFF, 0xD0, 0xFF, 0xD0, 0xFF, 0xD0, 0xFF, 0xD0, 0xFF, 0xD0,
   0xFF, 0xD0, 0xFF, 0xD0, 0xFF, 0xD0, 0xFF, 0xD0, 0xFF, 0xD0, 0xFF, 0xD0, 0xFF, 0xD0, 0xFF, 0xD0,
   0xFF, 0xD0, 0xFF, 0xD0, 0xFF, 0xD0, 0xFF, 0xD0, 0xFF, 0xD0, 0xFF, 0xD0, 0xFF, 0xD0, 0xFF, 0xD0,
   0xFF, 0xD0, 0xFF, 0xD0, 0xFF, 0xD0, 0xFF, 0xD0, 0xFF, 0xD0, 0xFF, 0xD0, 0xFF, 0xD0, 0xFF, 0xD0,
   0xFF, 0xD0, 0xFF, 0xD0, 0xFF, 0xD0, 0xFF, 0xD0, 0xFF, 0xD0, 0xFF, 0xD0, 0xFF, 0xD0, 0xFF, 0xD0,
   0xFF, 0xD0, 0xFF, 0xD0, 0xFF, 0xD0, 0xFF, 0xD0, 0xFF, 0xD0, 0xFF, 0xD0, 0xFF, 0xD0, 0xFF, 0xD0,
   0xFF, 0xD0, 0xFF, 0xD0, 0xFF, 0xD0, 0xFF, 0xD0, 0xFF, 0xD0, 0xFF, 0xD0, 0xFF, 0xD0, 0xFF, 0xD0,
   0xFF, 0xD0, 0xFF, 0xD0, 0xFF, 0xD0, 0xFF, 0xD0, 0xFF, 0xD0, 0xFF, 0xD0, 0xFF, 0xD0, 0xFF, 0xD0,
   0xFF, 0xD0, 0xFF, 0xD0, 0xFF, 0xD0, 0xFF, 0xD0, 0xFF, 0xD0, 0xFF, 0xD0, 0xFF, 0xD0, 0xFF, 0xD0,
   0xFF, 0xD0, 0xFF, 0xD0, 0xFF, 0xD0, 0xFF, 0xD0, 0xFF, 0xD0, 0xFF, 0xD0, 0xFF, 0xD0, 0xFF, 0xD0,
   0xFF, 0xD0, 0xFF, 0xD0, 0xFF, 0xD0, 0xFF, 0xD0, 0xFF, 0xD0, 0xFF, 0xD0, 0xFF, 0xD0, 0xFF, 0xD0,
   0xFF, 0xD0, 0xFF, 0xD0, 0xFF, 0xD0, 0xFF, 0xD0, 0xFF, 0xD0, 0xFF, 0xD0, 0xFF, 0xD0, 0xFF, 0xD0,
   0x67, 0xF7, 0x67, 0xF7, 0x67, 0xF7, 0x67, 0xF7, 0xFF, 0xD0, 0xFF, 0xD0, 0xFF, 0xD0, 0xFF, 0xD0,
   0xFF, 0xD0, 0xFF, 0xD0, 0xFF, 0xD0, 0xFF, 0xD0, 0xFF, 0xD0, 0xFF, 0xD0, 0xFF, 0xD0, 0xFF, 0xD0,
   0x67, 0xF7, 0x67, 0xF7, 0x67, 0xF7, 0x67, 0xF7, 0xFF, 0xD0, 0xFF, 0xD0, 0xFF, 0xD0, 0xFF, 0xD0,
   0xFF, 0xD0, 0xFF, 0xD0, 0xFF, 0xD0, 0xFF, 0xD0, 0xFF, 0xD0, 0xFF, 0xD0, 0xFF, 0xD0, 0xFF, 0xD0,
   0x67, 0xF7, 0x67, 0xF7, 0x67, 0xF7, 0x67, 0xF7, 0x67, 0xF7, 0x67, 0xF7, 0xFF, 0xD0, 0xFF, 0xD0,
   0xFF, 0xD0, 0xFF, 0xD0, 0xFF, 0xD0, 0xFF, 0xD0, 0xFF, 0xD0, 0xFF, 0xD0, 0xFF, 0xD0, 0xFF, 0xD0,
   0x67, 0xF7, 0x67, 0xF7, 0x67, 0xF7, 0x67, 0xF7, 0x67, 0xF7, 0x67, 0xF7, 0xFF, 0xD0, 0xFF, 0xD0,
   0xFF, 0xD0, 0xFF, 0xD0, 0xFF, 0xD0, 0xFF, 0xD0, 0xFF, 0xD0, 0xFF, 0xD0, 0xFF, 0xD0, 0xFF, 0xD0,
   0x67, 0xF7, 0x67, 0xF7, 0x67, 0xF7, 0x67, 0xF7, 0x67, 0xF7, 0x67, 0xF7, 0xFF, 0xD0, 0xFF, 0xD0,
   0xFF, 0xD0, 0xFF, 0xD0, 0xFF, 0xD0, 0xFF, 0xD0, 0xFF, 0xD0, 0xFF, 0xD0, 0xFF, 0xD0, 0xFF, 0xD0,
   0x67, 0xF7, 0x67, 0xF7, 0x67, 0xF7, 0x67, 0xF7, 0x67, 0xF7, 0x67, 0xF7, 0xFF, 0xD0, 0xFF, 0xD0,
   0xFF, 0xD0, 0xFF, 0xD0, 0xFF, 0xD0, 0xFF, 0xD0, 0xFF, 0xD0, 0xFF, 0xD0, 0xFF, 0xD0, 0xFF, 0xD0,
   0xFF, 0xD0, 0xFF, 0xD0, 0xFC, 0x6B, 0xFC, 0x6B, 0xFF, 0xD0, 0xFF, 0xD0, 0xFC, 0x6B, 0xFC, 0x6B,
   0xFF, 0xD0, 0xFF, 0xD0, 0xFF, 0xD0, 0xFF, 0xD0, 0xFF, 0xD0, 0xFF, 0xD0, 0xFF, 0xD0, 0xFF, 0xD0,
   0xFF, 0xD0, 0xFF, 0xD0, 0xFC, 0x6B, 0xFC, 0x6B, 0xFF, 0xD0, 0xFF, 0xD0, 0xFC, 0x6B, 0xFC, 0x6B,
   0xFF, 0xD0, 0xFF, 0xD0, 0xFF, 0xD0, 0xFF, 0xD0, 0xFF, 0xD0, 0xFF, 0xD0, 0xFF, 0xD0, 0xFF, 0xD0,
   0xFC, 0x6B, 0xFC, 0x6B, 0xFF, 0xD0, 0xFF, 0xD0, 0xFC, 0x6B, 0xFC, 0x6B, 0xFF, 0xD0, 0xFF, 0xD0,
   0xFF, 0xD0, 0xFF, 0xD0, 0xFF, 0xD0, 0xFF, 0xD0, 0xFF, 0xD0, 0xFF, 0xD0, 0xFF, 0xD0, 0xFF, 0xD0,
   0xFC, 0x6B, 0xFC, 0x6B, 0xFF, 0xD0, 0xFF, 0xD0, 0xFC, 0x6B, 0xFC, 0x6B, 0xFF, 0xD0, 0xFF, 0xD0,
   0xFF, 0xD0, 0xFF, 0xD0, 0xFF, 0xD0, 0xFF, 0xD0, 0xFF, 0xD0, 0xFF, 0xD0, 0xFF, 0xD0, 0xFF, 0xD0,
   0xFF, 0xD0, 0xFF, 0xD0, 0xFC, 0x6B, 0xFC, 0x6B, 0xFF, 0xD0, 0xFF, 0xD0, 0xFC, 0x6B, 0xFC, 0x6B,
   0xFF, 0xD0, 0xFF, 0xD0, 0xFF, 0xD0, 0xFF, 0xD0, 0xFF, 0xD0, 0xFF, 0xD0, 0xFF, 0xD0, 0xFF, 0xD0,
   0xFF, 0xD0, 0xFF, 0xD0, 0xFC, 0x6B, 0xFC, 0x6B, 0xFF, 0xD0, 0xFF, 0xD0, 0xFC, 0x6B, 0xFC, 0x6B,
   0xFF, 0xD0, 0xFF, 0xD0, 0xFF, 0xD0, 0xFF, 0xD0, 0xFF, 0xD0, 0xFF, 0xD0, 0xFF, 0xD0, 0xFF, 0xD0,
   0xFC, 0x6B, 0xFC, 0x6B, 0xFF, 0xD0, 0xFF, 0xD0, 0xFC, 0x6B, 0xFC, 0x6B, 0xFF, 0xD0, 0xFF, 0xD0,
   0xFF, 0xD0, 0xFF, 0xD0, 0xFF, 0xD0, 0xFF, 0xD0, 0xFF, 0xD0, 0xFF, 0xD0, 0xFF, 0xD0, 0xFF, 0xD0,
   0xFC, 0x6B, 0xFC, 0x6B, 0xFF, 0xD0, 0xFF, 0xD0, 0xFC, 0x6B, 0xFC, 0x6B, 0xFF, 0xD0, 0xFF, 0xD0,
   0xFF, 0xD0, 0xFF, 0xD0, 0xFF, 0xD0, 0xFF, 0xD0, 0xFF, 0xD0, 0xFF, 0xD0, 0xFF, 0xD0, 0xFF, 0xD0,
   0xFF, 0xD0, 0xFF, 0xD0, 0xFC, 0x6B, 0xFC, 0x6B, 0xFF, 0xD0, 0xFF, 0xD0, 0xFC, 0x6B, 0xFC, 0x6B,
   0xFF, 0xD0, 0xFF, 0xD0, 0xFF, 0xD0, 0xFF, 0xD0, 0xFF, 0xD0, 0xFF, 0xD0, 0xFF, 0xD0, 0xFF, 0xD0,
   0xFF, 0xD0, 0xFF, 0xD0, 0xFC, 0x6B, 0xFC, 0x6B, 0xFF, 0xD0, 0xFF, 0xD0, 0xFC, 0x6B, 0xFC, 0x6B,
   0xFF, 0xD0, 0xFF, 0xD0, 0xFF, 0xD0, 0xFF, 0xD0, 0xFF, 0xD0, 0xFF, 0xD0, 0xFF, 0xD0, 0xFF, 0xD0,
   0xFC, 0x6B, 0xFC, 0x6B, 0xFF, 0xD0, 0xFF, 0xD0, 0xFC, 0x6B, 0xFC, 0x6B, 0xFF, 0xD0, 0xFF, 0xD0,
   0xFF, 0xD0, 0xFF, 0xD0, 0xFF, 0xD0, 0xFF, 0xD0, 0xFF, 0xD0, 0xFF, 0xD0, 0xFF, 0xD0, 0xFF, 0xD0,
   0xFC, 0x6B, 0xFC, 0x6B, 0xFF, 0xD0, 0xFF, 0xD0, 0xFC, 0x6B, 0xFC, 0x6B, 0xFF, 0xD0, 0xFF, 0xD0,
   0xFF, 0xD0, 0xFF, 0xD0, 0xFF, 0xD0, 0xFF, 0xD0, 0xFF, 0xD0, 0xFF, 0xD0, 0xFF, 0xD0, 0xFF, 0xD0,
   0xFF, 0xD0, 0xFF, 0xD0, 0xFC, 0x6B, 0xFC, 0x6B, 0xFF, 0xD0, 0xFF, 0xD0, 0xFC, 0x6B, 0xFC, 0x6B,
   0xFF, 0xD0, 0xFF, 0xD0, 0xFF, 0xD0, 0xFF, 0xD0, 0xFF, 0xD0, 0xFF, 0xD0, 0xFF, 0xD0, 0xFF, 0xD0,
   0xFF, 0xD0, 0xFF, 0xD0, 0xFC, 0x6B, 0xFC, 0x6B, 0xFF, 0xD0, 0xFF, 0xD0, 0xFC, 0x6B, 0xFC, 0x6B,
   0xFF, 0xD0, 0xFF, 0xD0, 0xFF, 0xD0, 0xFF, 0xD0, 0xFF, 0xD0, 0xFF, 0xD0, 0xFF, 0xD0, 0xFF, 0xD0,
   0xFC, 0x6B, 0xFC, 0x6B, 0xFF, 0xD0, 0xFF, 0xD0, 0xFC, 0x6B, 0xFC, 0x6B, 0xFF, 0xD0, 0xFF, 0xD0,
   0xFF, 0xD0, 0xFF, 0xD0, 0xFF, 0xD0, 0xFF, 0xD0, 0xFF, 0xD0, 0xFF, 0xD0, 0xFF, 0xD0, 0xFF, 0xD0,
   0xFC, 0x6B, 0xFC, 0x6B, 0xFF, 0xD0, 0xFF, 0xD0, 0xFC, 0x6B, 0xFC, 0x6B, 0xFF, 0xD0, 0xFF, 0xD0,
   0xFF, 0xD0, 0xFF, 0xD0, 0xFF, 0xD0, 0xFF, 0xD0, 0xFF, 0xD0, 0xFF, 0xD0, 0xFF, 0xD0, 0xFF, 0xD0,
   0xFF, 0xD0, 0xFF, 0xD0, 0xFF, 0xD0, 0xFF, 0xD0, 0xFF, 0xD0, 0xFF, 0xD0, 0xFF, 0xD0, 0xFF, 0xD0,
   0xFF, 0xD0, 0xFF, 0xD0, 0xFC, 0x6B, 0xFC, 0x6B, 0xFF, 0xD0, 0xFF, 0xD0, 0xFC, 0x6B, 0xFC, 0x6B,
   0xFF, 0xD0, 0xFF, 0xD0, 0xFF, 0xD0, 0xFF, 0xD0, 0xFF, 0xD0, 0xFF, 0xD0, 0xFF, 0xD0, 0xFF, 0xD0,
   0xFF, 0xD0, 0xFF, 0xD0, 0xFC, 0x6B, 0xFC, 0x6B, 0xFF, 0xD0, 0xFF, 0xD0, 0xFC, 0x6B, 0xFC, 0x6B,
   0xFF, 0xD0, 0xFF, 0xD0, 0xFF, 0xD0, 0xFF, 0xD0, 0xFF, 0xD0, 0xFF, 0xD0, 0xFF, 0xD0, 0xFF, 0xD0,
   0xFC, 0x6B, 0xFC, 0x6B, 0xFF, 0xD0, 0xFF, 0xD0, 0xFC, 0x6B, 0xFC, 0x6B, 0xFF, 0xD0, 0xFF, 0xD0,
   0xFF, 0xD0, 0xFF, 0xD0, 0xFF, 0xD0, 0xFF, 0xD0, 0xFF, 0xD0, 0xFF, 0xD0, 0xFF, 0xD0, 0xFF, 0xD0,
   0xFC, 0x6B, 0xFC, 0x6B, 0xFF, 0xD0, 0xFF, 0xD0, 0xFC, 0x6B, 0xFC, 0x6B, 0xFF, 0xD0, 0xFF, 0xD0,
   0xFF, 0xD0, 0xFF, 0xD0, 0xFF, 0xD0, 0xFF, 0xD0, 0xFF, 0xD0, 0xFF, 0xD0, 0xFF, 0xD0, 0xFF, 0xD0,
   0xFF, 0xD0, 0xFF, 0xD0, 0xFC, 0x6B, 0xFC, 0x6B, 0xFF, 0xD0, 0xFF, 0xD0, 0xFC, 0x6B, 0xFC, 0x6B,
   0xFF, 0xD0, 0xFF, 0xD0, 0xFF, 0xD0, 0xFF, 0xD0, 0xFF, 0xD0, 0xFF, 0xD0, 0xFF, 0xD0, 0xFF, 0xD0,
   0xFF, 0xD0, 0xFF, 0xD0, 0xFC, 0x6B, 0xFC, 0x6B, 0xFF, 0xD0, 0xFF, 0xD0, 0xFC, 0x6B, 0xFC, 0x6B,
   0xFF, 0xD0, 0xFF, 0xD0, 0xFF, 0xD0, 0xFF, 0xD0, 0xFF, 0xD0, 0xFF, 0xD0, 0xFF, 0xD0, 0xFF, 0xD0,
   0xFC, 0x6B, 0xFC, 0x6B, 0xFF, 0xD0, 0xFF, 0xD0, 0xFC, 0x6B, 0xFC, 0x6B, 0xFF, 0xD0, 0xFF, 0xD0,
   0xFF, 0xD0, 0xFF, 0xD0, 0xFF, 0xD0, 0xFF, 0xD0, 0xFF, 0xD0, 0xFF, 0xD0, 0xFF, 0xD0, 0xFF, 0xD0,
   0xFC, 0x6B, 0xFC, 0x6B, 0xFF, 0xD0, 0xFF, 0xD0, 0xFC, 0x6B, 0xFC, 0x6B, 0xFF, 0xD0, 0xFF, 0xD0,
   0xFF, 0xD0, 0xFF, 0xD0, 0xFF, 0xD0, 0xFF, 0xD0, 0xFF, 0xD0, 0xFF, 0xD0, 0xFF, 0xD0, 0xFF, 0xD0,
   0xFF, 0xD0, 0xFF, 0xD0, 0xFC, 0x6B, 0xFC, 0x6B, 0xFF, 0xD0, 0xFF, 0xD0, 0xFC, 0x6B, 0xFC, 0x6B,
   0xFF, 0xD0, 0xFF, 0xD0, 0xFF, 0xD0, 0xFF, 0xD0, 0xFF, 0xD0, 0xFF, 0xD0, 0xFF, 0xD0, 0xFF, 0xD0,
   0xFF, 0xD0, 0xFF, 0xD0, 0xFC, 0x6B, 0xFC, 0x6B, 0xFF, 0xD0, 0xFF, 0xD0, 0xFC, 0x6B, 0xFC, 0x6B,
   0xFF, 0xD0, 0xFF, 0xD0, 0xFF, 0xD0, 0xFF, 0xD0, 0xFF, 0xD0, 0xFF, 0xD0, 0xFF, 0xD0, 0xFF, 0xD0,
   0xFC, 0x6B, 0xFC, 0x6B, 0xFF, 0xD0, 0xFF, 0xD0, 0xFC, 0x6B, 0xFC, 0x6B, 0xFF, 0xD0, 0xFF, 0xD0,
   0xFF, 0xD0, 0xFF, 0xD0, 0xFF, 0xD0, 0xFF, 0xD0, 0xFF, 0xD0, 0xFF, 0xD0, 0xFF, 0xD0, 0xFF, 0xD0,
   0xFC, 0x6B, 0xFC, 0x6B, 0xFF, 0xD0, 0xFF, 0xD0, 0xFC, 0x6B, 0xFC, 0x6B, 0xFF, 0xD0, 0xFF, 0xD0,
   0xFF, 0xD0, 0xFF, 0xD0, 0xFF, 0xD0, 0xFF, 0xD0, 0xFF, 0xD0, 0xFF, 0xD0, 0xFF, 0xD0, 0xFF, 0xD0,
   0xFF, 0xD0, 0xFF, 0xD0, 0xFC, 0x6B, 0xFC, 0x6B, 0xFF, 0xD0, 0xFF, 0xD0, 0xFC, 0x6B, 0xFC, 0x6B,
   0xFF, 0xD0, 0xFF, 0xD0, 0xFF, 0xD0, 0xFF, 0xD0, 0xFF, 0xD0, 0xFF, 0xD0, 0xFF, 0xD0, 0xFF, 0xD0,
   0xFF, 0xD0, 0xFF, 0xD0, 0xFC, 0x6B, 0xFC, 0x6B, 0xFF, 0xD0, 0xFF, 0xD0, 0xFC, 0x6B, 0xFC, 0x6B,
   0xFF, 0xD0, 0xFF, 0xD0, 0xFF, 0xD0, 0xFF, 0xD0, 0xFF, 0xD0, 0xFF, 0xD0, 0xFF, 0xD0, 0xFF, 0xD0,
   0xFC, 0x6B, 0xFC, 0x6B, 0xFF, 0xD0, 0xFF, 0xD0, 0xFC, 0x6B, 0xFC, 0x6B, 0xFF, 0xD0, 0xFF, 0xD0,
   0xFF, 0xD0, 0xFF, 0xD0, 0xFF, 0xD0, 0xFF, 0xD0, 0xFF, 0xD0, 0xFF, 0xD0, 0xFF, 0xD0, 0xFF, 0xD0,
   0xFC, 0x6B, 0xFC, 0x6B, 0xFF, 0xD0, 0xFF, 0xD0, 0xFC, 0x6B, 0xFC, 0x6B, 0xFF, 0xD0, 0xFF, 0xD0,
   0x67, 0xF7, 0x67, 0xF7, 0x67, 0xF7, 0x67, 0xF7, 0x67, 0xF7, 0x67, 0xF7, 0x67, 0xF7, 0x67, 0xF7,
   0x67, 0xF7, 0x67, 0xF7, 0x67, 0xF7, 0x67, 0xF7, 0x67, 0xF7, 0x67, 0xF7, 0x67, 0xF7, 0x67, 0xF7,
   0x67, 0xF7, 0x67, 0xF7, 0x67, 0xF7, 0x67, 0xF7, 0x67, 0xF7, 0x67, 0xF7, 0x67, 0xF7, 0x67, 0xF7,
   0x67, 0xF7, 0x67, 0xF7, 0x67, 0xF7, 0x67, 0xF7, 0x67, 0xF7, 0x67, 0xF7, 0x67, 0xF7, 0x67, 0xF7,
   0x67, 0xF7, 0x67, 0xF7, 0x67, 0xF7, 0x67, 0xF7, 0x67, 0xF7, 0x67, 0xF7, 0x67, 0xF7, 0x67, 0xF7,
   0x67, 0xF7, 0x67, 0xF7, 0x67, 0xF7, 0x67, 0xF7, 0x67, 0xF7, 0x67, 0xF7, 0x67, 0xF7, 0x67, 0xF7,
   0x67, 0xF7, 0x67, 0xF7, 0x67, 0xF7, 0x67, 0xF7, 0x67, 0xF7, 0x67, 0xF7, 0x67, 0xF7, 0x67, 0xF7,
   0x67, 0xF7, 0x67, 0xF7, 0x67, 0xF7, 0x67, 0xF7, 0x67, 0xF7, 0x67, 0xF7, 0x67, 0xF7, 0x67, 0xF7,
   0x67, 0xF7, 0x67, 0xF7, 0x67, 0xF7, 0x67, 0xF7, 0x67, 0xF7, 0x67, 0xF7, 0x67, 0xF7, 0x67, 0xF7,
   0x67, 0xF7, 0x67, 0xF7, 0x67, 0xF7, 0x67, 0xF7, 0x67, 0xF7, 0x67, 0xF7, 0x67, 0xF7, 0x67, 0xF7,
   0x67, 0xF7, 0x67, 0xF7, 0x67, 0xF7, 0x67, 0xF7, 0x67, 0xF7, 0x67, 0xF7, 0x67, 0xF7, 0x67, 0xF7,
   0x67, 0xF7, 0x67, 0xF7, 0x67, 0xF7, 0x67, 0xF7, 0x67, 0xF7, 0x67, 0xF7, 0x67, 0xF7, 0x67, 0xF7,
   0x67, 0xF7, 0x67, 0xF7, 0x67, 0xF7, 0x67, 0xF7, 0x67, 0xF7, 0x67, 0xF7, 0x67, 0xF7, 0x67, 0xF7,
   0x67, 0xF7, 0x67, 0xF7, 0xFF, 0xD0, 0xFF, 0xD0, 0x67, 0xF7, 0x67, 0xF7, 0x67, 0xF7, 0x67, 0xF7,
   0x67, 0xF7, 0x67, 0xF7, 0x67, 0xF7, 0x67, 0xF7, 0x67, 0xF7, 0x67, 0xF7, 0x67, 0xF7, 0x67, 0xF7,
   0x67, 0xF7, 0x67, 0xF7, 0xFF, 0xD0, 0xFF, 0xD0, 0x67, 0xF7, 0x67, 0xF7, 0x67, 0xF7, 0x67, 0xF7,
   0x67, 0xF7, 0x67, 0xF7, 0x67, 0xF7, 0x67, 0xF7, 0x67, 0xF7, 0x67, 0xF7, 0x67, 0xF7, 0x67, 0xF7,
   0x67, 0xF7, 0x67, 0xF7, 0xFF, 0xD0, 0xFF, 0xD0, 0xFF, 0xD0, 0xFF, 0xD0, 0x67, 0xF7, 0x67, 0xF7,
   0x67, 0xF7, 0x67, 0xF7, 0x67, 0xF7, 0x67, 0xF7, 0x67, 0xF7, 0x67, 0xF7, 0x67, 0xF7, 0x67, 0xF7,
   0x67, 0xF7, 0x67, 0xF7, 0xFF, 0xD0, 0xFF, 0xD0, 0xFF, 0xD0, 0xFF, 0xD0, 0x67, 0xF7, 0x67, 0xF7,
   0x67, 0xF7, 0x67, 0xF7, 0x67, 0xF7, 0x67, 0xF7, 0x67, 0xF7, 0x67, 0xF7, 0x67, 0xF7, 0x67, 0xF7,
   0xFF, 0xD0, 0xFF, 0xD0, 0xFF, 0xD0, 0xFF, 0xD0, 0xFF, 0xD0, 0xFF, 0xD0, 0xFF, 0xD0, 0xFF, 0xD0,
   0x67, 0xF7, 0x67, 0xF7, 0x67, 0xF7, 0x67, 0xF7, 0x67, 0xF7, 0x67, 0xF7, 0x67, 0xF7, 0x67, 0xF7,
   0xFF, 0xD0, 0xFF, 0xD0, 0xFF, 0xD0, 0xFF, 0xD0, 0xFF, 0xD0, 0xFF, 0xD0, 0xFF, 0xD0, 0xFF, 0xD0,
   0xFF, 0xD0, 0xFF, 0xD0, 0x67, 0xF7, 0x67, 0xF7, 0x67, 0xF7, 0x67, 0xF7, 0xFF, 0xD0, 0xFF, 0xD0,
   0xFF, 0xD0, 0xFF, 0xD0, 0xFF, 0xD0, 0xFF, 0xD0, 0xFF, 0xD0, 0xFF, 0xD0, 0xFF, 0xD0, 0xFF, 0xD0,
   0xFF, 0xD0, 0xFF, 0xD0, 0x67, 0xF7, 0x67, 0xF7, 0x67, 0xF7, 0x67, 0xF7, 0xFF, 0xD0, 0xFF, 0xD0,
   0xFF, 0xD0, 0xFF, 0xD0, 0xFF, 0xD0, 0xFF, 0xD0, 0xFF, 0xD0, 0xFF, 0xD0, 0xFF, 0xD0, 0xFF, 0xD0,
   0xFF, 0xD0, 0xFF, 0xD0, 0xFF, 0xD0, 0xFF, 0xD0, 0xFF, 0xD0, 0xFF, 0xD0, 0xFF, 0xD0, 0xFF, 0xD0,
   0xFF, 0xD0, 0xFF, 0xD0, 0xFF, 0xD0, 0xFF, 0xD0, 0xFF, 0xD0, 0xFF, 0xD0, 0xFF, 0xD0, 0xFF, 0xD0,
   0xFF, 0xD0, 0xFF, 0xD0, 0xFF, 0xD0, 0xFF, 0xD0, 0xFF, 0xD0, 0xFF, 0xD0, 0xFF, 0xD0, 0xFF, 0xD0,
   0xFF, 0xD0, 0xFF, 0xD0, 0xFF, 0xD0, 0xFF, 0xD0, 0xFF, 0xD0, 0xFF, 0xD0, 0xFF, 0xD0, 0xFF, 0xD0,
   0x67, 0xF7, 0x67, 0xF7, 0x67, 0xF7, 0x67, 0xF7, 0x67, 0xF7, 0x67, 0xF7, 0x67, 0xF7, 0x67, 0xF7,
   0x67, 0xF7, 0x67, 0xF7, 0x67, 0xF7, 0x67, 0xF7, 0x67, 0xF7, 0x67, 0xF7, 0x67, 0xF7, 0x67, 0xF7,
   0x67, 0xF7, 0x67, 0xF7, 0x67, 0xF7, 0x67, 0xF7, 0x67, 0xF7, 0x67, 0xF7, 0x67, 0xF7, 0x67, 0xF7,
   0x67, 0xF7, 0x67, 0xF7, 0x67, 0xF7, 0x67, 0xF7, 0x67, 0xF7, 0x67, 0xF7, 0x67, 0xF7, 0x67, 0xF7,
   0x67, 0xF7, 0x67, 0xF7, 0x67, 0xF7, 0x67, 0xF7, 0x67, 0xF7, 0x67, 0xF7, 0x67, 0xF7, 0x67, 0xF7,
   0x67, 0xF7, 0x67, 0xF7, 0x67, 0xF7, 0x67, 0xF7, 0x67, 0xF7, 0x67, 0xF7, 0x67, 0xF7, 0x67, 0xF7,
   0x67, 0xF7, 0x67, 0xF7, 0x67, 0xF7, 0x67, 0xF7, 0x67, 0xF7, 0x67, 0xF7, 0x67, 0xF7, 0x67, 0xF7,
   0x67, 0xF7, 0x67, 0xF7, 0x67, 0xF7, 0x67, 0xF7, 0x67, 0xF7, 0x67, 0xF7, 0x67, 0xF7, 0x67, 0xF7,
   0x67, 0xF7, 0x67, 0xF7, 0x67, 0xF7, 0x67, 0xF7, 0x67, 0xF7, 0x67, 0xF7, 0x67, 0xF7, 0x67, 0xF7,
   0x67, 0xF7, 0x67, 0xF7, 0x67, 0xF7, 0x67, 0xF7, 0x67, 0xF7, 0x67, 0xF7, 0x67, 0xF7, 0x67, 0xF7,
   0x67, 0xF7, 0x67, 0xF7, 0x67, 0xF7, 0x67, 0xF7, 0x67, 0xF7, 0x67, 0xF7, 0x67, 0xF7, 0x67, 0xF7,
   0x67, 0xF7, 0x67, 0xF7, 0x67, 0xF7, 0x67, 0xF7, 0x67, 0xF7, 0x67, 0xF7, 0x67, 0xF7, 0x67, 0xF7,
   0x67, 0xF7, 0x67, 0xF7, 0x67, 0xF7, 0x67, 0xF7, 0xFF, 0xD0, 0xFF, 0xD0, 0x67, 0xF7, 0x67, 0xF7,
   0x67, 0xF7, 0x67, 0xF7, 0x67, 0xF7, 0x67, 0xF7, 0x67, 0xF7, 0x67, 0xF7, 0x67, 0xF7, 0x67, 0xF7,
   0x67, 0xF7, 0x67, 0xF7, 0x67, 0xF7, 0x67, 0xF7, 0xFF, 0xD0, 0xFF, 0xD0, 0x67, 0xF7, 0x67, 0xF7,
   0x67, 0xF7, 0x67, 0xF7, 0x67, 0xF7, 0x67, 0xF7, 0x67, 0xF7, 0x67, 0xF7, 0x67, 0xF7, 0x67, 0xF7,
   0x67, 0xF7, 0x67, 0xF7, 0xFF, 0xD0, 0xFF, 0xD0, 0xFF, 0xD0, 0xFF, 0xD0, 0x67, 0xF7, 0x67, 0xF7,
   0x67, 0xF7, 0x67, 0xF7, 0x67, 0xF7, 0x67, 0xF7, 0x67, 0xF7, 0x67, 0xF7, 0x67, 0xF7, 0x67, 0xF7,
   0x67, 0xF7, 0x67, 0xF7, 0xFF, 0xD0, 0xFF, 0xD0, 0xFF, 0xD0, 0xFF, 0xD0, 0x67, 0xF7, 0x67, 0xF7,
   0x67, 0xF7, 0x67, 0xF7, 0x67, 0xF7, 0x67, 0xF7, 0x67, 0xF7, 0x67, 0xF7, 0x67, 0xF7, 0x67, 0xF7,
   0xFF, 0xD0, 0xFF, 0xD0, 0xFF, 0xD0, 0xFF, 0xD0, 0xFF, 0xD0, 0xFF, 0xD0, 0xFF, 0xD0, 0xFF, 0xD0,
   0x67, 0xF7, 0x67, 0xF7, 0x67, 0xF7, 0x67, 0xF7, 0x67, 0xF7, 0x67, 0xF7, 0x67, 0xF7, 0x67, 0xF7,
   0xFF, 0xD0, 0xFF, 0xD0, 0xFF, 0xD0, 0xFF, 0xD0, 0xFF, 0xD0, 0xFF, 0xD0, 0xFF, 0xD0, 0xFF, 0xD0,
   0x67, 0xF7, 0x67, 0xF7, 0x67, 0xF7, 0x67, 0xF7, 0x67, 0xF7, 0x67, 0xF7, 0x67, 0xF7, 0x67, 0xF7,
   0xFF, 0xD0, 0xFF, 0xD0, 0xFF, 0xD0, 0xFF, 0xD0, 0xFF, 0xD0, 0xFF, 0xD0, 0xFF, 0xD0, 0xFF, 0xD0,
   0xFF, 0xD0, 0xFF, 0xD0, 0x67, 0xF7, 0x67, 0xF7, 0x67, 0xF7, 0x67, 0xF7, 0xFF, 0xD0, 0xFF, 0xD0,
   0xFF, 0xD0, 0xFF, 0xD0, 0xFF, 0xD0, 0xFF, 0xD0, 0xFF, 0xD0, 0xFF, 0xD0, 0xFF, 0xD0, 0xFF, 0xD0,
   0xFF, 0xD0, 0xFF, 0xD0, 0x67, 0xF7, 0x67, 0xF7, 0x67, 0xF7, 0x67, 0xF7, 0xFF, 0xD0, 0xFF, 0xD0,
   0xFF, 0xD0, 0xFF, 0xD0, 0xFF, 0xD0, 0xFF, 0xD0, 0xFF, 0xD0, 0xFF, 0xD0, 0xFF, 0xD0, 0xFF, 0xD0,
   0xFF, 0xD0, 0xFF, 0xD0, 0xFF, 0xD0, 0xFF, 0xD0, 0xFF, 0xD0, 0xFF, 0xD0, 0xFF, 0xD0, 0xFF, 0xD0,
   0xFF, 0xD0, 0xFF, 0xD0, 0xFF, 0xD0, 0xFF, 0xD0, 0xFF, 0xD0, 0xFF, 0xD0, 0xFF, 0xD0, 0xFF, 0xD0,
   0xFF, 0xD0, 0xFF, 0xD0, 0xFF, 0xD0, 0xFF, 0xD0, 0xFF, 0xD0, 0xFF, 0xD0, 0xFF, 0xD0, 0xFF, 0xD0,
   0xFF, 0xD0, 0xFF, 0xD0, 0xFF, 0xD0, 0xFF, 0xD0, 0xFF, 0xD0, 0xFF, 0xD0, 0x67, 0xF7, 0x67, 0xF7,
   0x67, 0xF7, 0x67, 0xF7, 0x67, 0xF7, 0x67, 0xF7, 0x67, 0xF7, 0x67, 0xF7, 0x67, 0xF7, 0x67, 0xF7,
   0xFF, 0xD0, 0xFF, 0xD0, 0xFF, 0xD0, 0xFF, 0xD0, 0xFF, 0xD0, 0xFF, 0xD0, 0x67, 0xF7, 0x67, 0xF7,
   0x67, 0xF7, 0x67, 0xF7, 0x67, 0xF7, 0x67, 0xF7, 0x67, 0xF7, 0x67, 0xF7, 0x67, 0xF7, 0x67, 0xF7,
   0xFF, 0xD0, 0xFF, 0xD0, 0xFF, 0xD0, 0xFF, 0xD0, 0xFF, 0xD0, 0xFF, 0xD0, 0xFF, 0xD0, 0xFF, 0xD0,
   0x67, 0xF7, 0x67, 0xF7, 0x67, 0xF7, 0x67, 0xF7, 0x67, 0xF7, 0x67, 0xF7, 0x67, 0xF7, 0x67, 0xF7,
   0xFF, 0xD0, 0xFF, 0xD0, 0xFF, 0xD0, 0xFF, 0xD0, 0xFF, 0xD0, 0xFF, 0xD0, 0xFF, 0xD0, 0xFF, 0xD0,
   0x67, 0xF7, 0x67, 0xF7, 0x67, 0xF7, 0x67, 0xF7, 0x67, 0xF7, 0x67, 0xF7, 0x67, 0xF7, 0x67, 0xF7,
   0xFF, 0xD0, 0xFF, 0xD0, 0xFF, 0xD0, 0xFF, 0xD0, 0xFF, 0xD0, 0xFF, 0xD0, 0xFF, 0xD0, 0xFF, 0xD0,
   0xFF, 0xD0, 0xFF, 0xD0, 0x67, 0xF7, 0x67, 0xF7, 0x67, 0xF7, 0x67, 0xF7, 0x67, 0xF7, 0x67, 0xF7,
   0xFF, 0xD0, 0xFF, 0xD0, 0xFF, 0xD0, 0xFF, 0xD0, 0xFF, 0xD0, 0xFF, 0xD0, 0xFF, 0xD0, 0xFF, 0xD0,
   0xFF, 0xD0, 0xFF, 0xD0, 0x67, 0xF7, 0x67, 0xF7, 0x67, 0xF7, 0x67, 0xF7, 0x67, 0xF7, 0x67, 0xF7,
   0xFF, 0xD0, 0xFF, 0xD0, 0xFF, 0xD0, 0xFF, 0xD0, 0xFF, 0xD0, 0xFF, 0xD0, 0x67, 0xF7, 0x67, 0xF7,
   0x67, 0xF7, 0x67, 0xF7, 0x67, 0xF7, 0x67, 0xF7, 0x67, 0xF7, 0x67, 0xF7, 0x67, 0xF7, 0x67, 0xF7,
   0xFF, 0xD0, 0xFF, 0xD0, 0xFF, 0xD0, 0xFF, 0xD0, 0xFF, 0xD0, 0xFF, 0xD0, 0x67, 0xF7, 0x67, 0xF7,
   0x67, 0xF7, 0x67, 0xF7, 0x67, 0xF7, 0x67, 0xF7, 0x67, 0xF7, 0x67, 0xF7, 0x67, 0xF7, 0x67, 0xF7,
   0xFF, 0xD0, 0xFF, 0xD0, 0xFF, 0xD0, 0xFF, 0xD0, 0x67, 0xF7, 0x67, 0xF7, 0x67, 0xF7, 0x67, 0xF7,
   0x67, 0xF7, 0x67, 0xF7, 0x67, 0xF7, 0x67, 0xF7, 0x67, 0xF7, 0x67, 0xF7, 0x67, 0xF7, 0x67, 0xF7,
   0xFF, 0xD0, 0xFF, 0xD0, 0xFF, 0xD0, 0xFF, 0xD0, 0x67, 0xF7, 0x67, 0xF7, 0x67, 0xF7, 0x67, 0xF7,
   0x67, 0xF7, 0x67, 0xF7, 0x67, 0xF7, 0x67, 0xF7, 0x67, 0xF7, 0x67, 0xF7, 0x67, 0xF7, 0x67, 0xF7,
   0xFF, 0xD0, 0xFF, 0xD0, 0x67, 0xF7, 0x67, 0xF7, 0x67, 0xF7, 0x67, 0xF7, 0x67, 0xF7, 0x67, 0xF7,
   0x67, 0xF7, 0x67, 0xF7, 0x67, 0xF7, 0x67, 0xF7, 0x67, 0xF7, 0x67, 0xF7, 0x67, 0xF7, 0x67, 0xF7,
   0xFF, 0xD0, 0xFF, 0xD0, 0x67, 0xF7, 0x67, 0xF7, 0x67, 0xF7, 0x67, 0xF7, 0x67, 0xF7, 0x67, 0xF7,
   0x67, 0xF7, 0x67, 0xF7, 0x67, 0xF7, 0x67, 0xF7, 0x67, 0xF7, 0x67, 0xF7, 0x67, 0xF7, 0x67, 0xF7,
   0xFF, 0xD0, 0xFF, 0xD0, 0x67, 0xF7, 0x67, 0xF7, 0x67, 0xF7, 0x67, 0xF7, 0x67, 0xF7, 0x67, 0xF7,
   0x67, 0xF7, 0x67, 0xF7, 0x67, 0xF7, 0x67, 0xF7, 0x67, 0xF7, 0x67, 0xF7, 0x67, 0xF7, 0x67, 0xF7,
   0xFF, 0xD0, 0xFF, 0xD0, 0x67, 0xF7, 0x67, 0xF7, 0x67, 0xF7, 0x67, 0xF7, 0x67, 0xF7, 0x67, 0xF7,
   0x67, 0xF7, 0x67, 0xF7, 0x67, 0xF7, 0x67, 0xF7, 0x67, 0xF7, 0x67, 0xF7, 0x67, 0xF7, 0x67, 0xF7,
   0xFF, 0xD0, 0xFF, 0xD0, 0xFF, 0xD0, 0xFF, 0xD0, 0x67, 0xF7, 0x67, 0xF7, 0x67, 0xF7, 0x67, 0xF7,
   0x67, 0xF7, 0x67, 0xF7, 0x67, 0xF7, 0x67, 0xF7, 0x67, 0xF7, 0x67, 0xF7, 0x67, 0xF7, 0x67, 0xF7,
   0xFF, 0xD0, 0xFF, 0xD0, 0xFF, 0xD0, 0xFF, 0xD0, 0x67, 0xF7, 0x67, 0xF7, 0x67, 0xF7, 0x67, 0xF7,
   0x67, 0xF7, 0x67, 0xF7, 0x67, 0xF7, 0x67, 0xF7, 0x67, 0xF7, 0x67, 0xF7, 0x67, 0xF7, 0x67, 0xF7,
   0x67, 0xF7, 0x67, 0xF7, 0x67, 0xF7, 0x67, 0xF7, 0x67, 0xF7, 0x67, 0xF7, 0x67, 0xF7, 0x67, 0xF7,
   0x67, 0xF7, 0x67, 0xF7, 0xFF, 0xD0, 0xFF, 0xD0, 0xFF, 0xD0, 0xFF, 0xD0, 0xFF, 0xD0, 0xFF, 0xD0,
   0x67, 0xF7, 0x67, 0xF7, 0x67, 0xF7, 0x67, 0xF7, 0x67, 0xF7, 0x67, 0xF7, 0x67, 0xF7, 0x67, 0xF7,
   0x67, 0xF7, 0x67, 0xF7, 0xFF, 0xD0, 0xFF, 0xD0, 0xFF, 0xD0, 0xFF, 0xD0, 0xFF, 0xD0, 0xFF, 0xD0,
   0x67, 0xF7, 0x67, 0xF7, 0x67, 0xF7, 0x67, 0xF7, 0x67, 0xF7, 0x67, 0xF7, 0x67, 0xF7, 0x67, 0xF7,
   0xFF, 0xD0, 0xFF, 0xD0, 0xFF, 0xD0, 0xFF, 0xD0, 0xFF, 0xD0, 0xFF, 0xD0, 0xFF, 0xD0, 0xFF, 0xD0,
   0x67, 0xF7, 0x67, 0xF7, 0x67, 0xF7, 0x67, 0xF7, 0x67, 0xF7, 0x67, 0xF7, 0x67, 0xF7, 0x67, 0xF7,
   0xFF, 0xD0, 0xFF, 0xD0, 0xFF, 0xD0, 0xFF, 0xD0, 0xFF, 0xD0, 0xFF, 0xD0, 0xFF, 0xD0, 0xFF, 0xD0,
   0x67, 0xF7, 0x67, 0xF7, 0x67, 0xF7, 0x67, 0xF7, 0x67, 0xF7, 0x67, 0xF7, 0xFF, 0xD0, 0xFF, 0xD0,
   0xFF, 0xD0, 0xFF, 0xD0, 0xFF, 0xD0, 0xFF, 0xD0, 0xFF, 0xD0, 0xFF, 0xD0, 0xFF, 0xD0, 0xFF, 0xD0,
   0x67, 0xF7, 0x67, 0xF7, 0x67, 0xF7, 0x67, 0xF7, 0x67, 0xF7, 0x67, 0xF7, 0xFF, 0xD0, 0xFF, 0xD0,
   0xFF, 0xD0, 0xFF, 0xD0, 0xFF, 0xD0, 0xFF, 0xD0, 0xFF, 0xD0, 0xFF, 0xD0, 0xFF, 0xD0, 0xFF, 0xD0,
   0x67, 0xF7, 0x67, 0xF7, 0x67, 0xF7, 0x67, 0xF7, 0x67, 0xF7, 0x67, 0xF7, 0x67, 0xF7, 0x67, 0xF7,
   0x67, 0xF7, 0x67, 0xF7, 0xFF, 0xD0, 0xFF, 0xD0, 0xFF, 0xD0, 0xFF, 0xD0, 0xFF, 0xD0, 0xFF, 0xD0,
   0x67, 0xF7, 0x67, 0xF7, 0x67, 0xF7, 0x67, 0xF7, 0x67, 0xF7, 0x67, 0xF7, 0x67, 0xF7, 0x67, 0xF7,
   0x67, 0xF7, 0x67, 0xF7, 0xFF, 0xD0, 0xFF, 0xD0, 0xFF, 0xD0, 0xFF, 0xD0, 0xFF, 0xD0, 0xFF, 0xD0,
   0x67, 0xF7, 0x67, 0xF7, 0x67, 0xF7, 0x67, 0xF7, 0x67, 0xF7, 0x67, 0xF7, 0x67, 0xF7, 0x67, 0xF7,
   0x67, 0xF7, 0x67, 0xF7, 0x67, 0xF7, 0x67, 0xF7, 0xFF, 0xD0, 0xFF, 0xD0, 0xFF, 0xD0, 0xFF, 0xD0,
   0x67, 0xF7, 0x67, 0xF7, 0x67, 0xF7, 0x67, 0xF7, 0x67, 0xF7, 0x67, 0xF7, 0x67, 0xF7, 0x67, 0xF7,
   0x67, 0xF7, 0x67, 0xF7, 0x67, 0xF7, 0x67, 0xF7, 0xFF, 0xD0, 0xFF, 0xD0, 0xFF, 0xD0, 0xFF, 0xD0,
   0x67, 0xF7, 0x67, 0xF7, 0x67, 0xF7, 0x67, 0xF7, 0x67, 0xF7, 0x67, 0xF7, 0x67, 0xF7, 0x67, 0xF7,
   0x67, 0xF7, 0x67, 0xF7, 0x67, 0xF7, 0x67, 0xF7, 0x67, 0xF7, 0x67, 0xF7, 0xFF, 0xD0, 0xFF, 0xD0,
   0x67, 0xF7, 0x67, 0xF7, 0x67, 0xF7, 0x67, 0xF7, 0x67, 0xF7, 0x67, 0xF7, 0x67, 0xF7, 0x67, 0xF7,
   0x67, 0xF7, 0x67, 0xF7, 0x67, 0xF7, 0x67, 0xF7, 0x67, 0xF7, 0x67, 0xF7, 0xFF, 0xD0, 0xFF, 0xD0,
   0x67, 0xF7, 0x67, 0xF7, 0x67, 0xF7, 0x67, 0xF7, 0x67, 0xF7, 0x67, 0xF7, 0x67, 0xF7, 0x67, 0xF7,
   0x67, 0xF7, 0x67, 0xF7, 0x67, 0xF7, 0x67, 0xF7, 0x67, 0xF7, 0x67, 0xF7, 0xFF, 0xD0, 0xFF, 0xD0,
   0x67, 0xF7, 0x67, 0xF7, 0x67, 0xF7, 0x67, 0xF7, 0x67, 0xF7, 0x67, 0xF7, 0x67, 0xF7, 0x67, 0xF7,
   0x67, 0xF7, 0x67, 0xF7, 0x67, 0xF7, 0x67, 0xF7, 0x67, 0xF7, 0x67, 0xF7, 0xFF, 0xD0, 0xFF, 0xD0,
   0x67, 0xF7, 0x67, 0xF7, 0x67, 0xF7, 0x67, 0xF7, 0x67, 0xF7, 0x67, 0xF7, 0x67, 0xF7, 0x67, 0xF7,
   0x67, 0xF7, 0x67, 0xF7, 0x67, 0xF7, 0x67, 0xF7, 0xFF, 0xD0, 0xFF, 0xD0, 0xFF, 0xD0, 0xFF, 0xD0,
   0x67, 0xF7, 0x67, 0xF7, 0x67, 0xF7, 0x67, 0xF7, 0x67, 0xF7, 0x67, 0xF7, 0x67, 0xF7, 0x67, 0xF7,
   0x67, 0xF7, 0x67, 0xF7, 0x67, 0xF7, 0x67, 0xF7, 0xFF, 0xD0, 0xFF, 0xD0, 0xFF, 0xD0, 0xFF, 0xD0,
   0xFF, 0xD0, 0xFF, 0xD0, 0xFF, 0xD0, 0xFF, 0xD0, 0xFF, 0xD0, 0xFF, 0xD0, 0xFF, 0xD0, 0xFF, 0xD0,
   0xFF, 0xD0, 0xFF, 0xD0, 0x67, 0xF7, 0x67, 0xF7, 0x67, 0xF7, 0x67, 0xF7, 0x67, 0xF7, 0x67, 0xF7,
   0xFF, 0xD0, 0xFF, 0xD0, 0xFF, 0xD0, 0xFF, 0xD0, 0xFF, 0xD0, 0xFF, 0xD0, 0xFF, 0xD0, 0xFF, 0xD0,
   0xFF, 0xD0, 0xFF, 0xD0, 0x67, 0xF7, 0x67, 0xF7, 0x67, 0xF7, 0x67, 0xF7, 0x67, 0xF7, 0x67, 0xF7,
   0xFF, 0xD0, 0xFF, 0xD0, 0xFF, 0xD0, 0xFF, 0xD0, 0xFF, 0xD0, 0xFF, 0xD0, 0xFF, 0xD0, 0xFF, 0xD0,
   0xFF, 0xD0, 0xFF, 0xD0, 0x67, 0xF7, 0x67, 0xF7, 0x67, 0xF7, 0x67, 0xF7, 0x67, 0xF7, 0x67, 0xF7,
   0xFF, 0xD0, 0xFF, 0xD0, 0xFF, 0xD0, 0xFF, 0xD0, 0xFF, 0xD0, 0xFF, 0xD0, 0xFF, 0xD0, 0xFF, 0xD0,
   0xFF, 0xD0, 0xFF, 0xD0, 0x67, 0xF7, 0x67, 0xF7, 0x67, 0xF7, 0x67, 0xF7, 0x67, 0xF7, 0x67, 0xF7,
   0xFF, 0xD0, 0xFF, 0xD0, 0xFF, 0xD0, 0xFF, 0xD0, 0xFF, 0xD0, 0xFF, 0xD0, 0xFF, 0xD0, 0xFF, 0xD0,
   0xFF, 0xD0, 0xFF, 0xD0, 0xFF, 0xD0, 0xFF, 0xD0, 0x67, 0xF7, 0x67, 0xF7, 0x67, 0xF7, 0x67, 0xF7,
   0xFF, 0xD0, 0xFF, 0xD0, 0xFF, 0xD0, 0xFF, 0xD0, 0xFF, 0xD0, 0xFF, 0xD0, 0xFF, 0xD0, 0xFF, 0xD0,
   0xFF, 0xD0, 0xFF, 0xD0, 0xFF, 0xD0, 0xFF, 0xD0, 0x67, 0xF7, 0x67, 0xF7, 0x67, 0xF7, 0x67, 0xF7,
   0xFF, 0xD0, 0xFF, 0xD0, 0xFF, 0xD0, 0xFF, 0xD0, 0xFF, 0xD0, 0xFF, 0xD0, 0xFF, 0xD0, 0xFF, 0xD0,
   0xFF, 0xD0, 0xFF, 0xD0, 0xFF, 0xD0, 0xFF, 0xD0, 0xFF, 0xD0, 0xFF, 0xD0, 0xFF, 0xD0, 0xFF, 0xD0,
   0xFF, 0xD0, 0xFF, 0xD0, 0xFF, 0xD0, 0xFF, 0xD0, 0xFF, 0xD0, 0xFF, 0xD0, 0xFF, 0xD0, 0xFF, 0xD0,
   0xFF, 0xD0, 0xFF, 0xD0, 0xFF, 0xD0, 0xFF, 0xD0, 0xFF, 0xD0, 0xFF, 0xD0, 0xFF, 0xD0, 0xFF, 0xD0,
   0xFF, 0xD0, 0xFF, 0xD0, 0xFF, 0xD0, 0xFF, 0xD0, 0xFF, 0xD0, 0xFF, 0xD0, 0xFF, 0xD0, 0xFF, 0xD0,
   0xFF, 0xD0, 0xFF, 0xD0, 0xFF, 0xD0, 0xFF, 0xD0, 0xFF, 0xD0, 0xFF, 0xD0, 0xFF, 0xD0, 0xFF, 0xD0,
   0xFF, 0xD0, 0xFF, 0xD0, 0xFF, 0xD0, 0xFF, 0xD0, 0xFF, 0xD0, 0xFF, 0xD0, 0xFF, 0xD0, 0xFF, 0xD0,
   0xFF, 0xD0, 0xFF, 0xD0, 0xFF, 0xD0, 0xFF, 0xD0, 0xFF, 0xD0, 0xFF, 0xD0, 0xFF, 0xD0, 0xFF, 0xD0,
   0xFF, 0xD0, 0xFF, 0xD0, 0xFF, 0xD0, 0xFF, 0xD0, 0xFF, 0xD0, 0xFF, 0xD0, 0xFF, 0xD0, 0xFF, 0xD0,
   0xFF, 0xD0, 0xFF, 0xD0, 0xFF, 0xD0, 0xFF, 0xD0, 0xFF, 0xD0, 0xFF, 0xD0, 0xFF, 0xD0, 0xFF, 0xD0,
   0xFF, 0xD0, 0xFF, 0xD0, 0xFF, 0xD0, 0xFF, 0xD0, 0xFF, 0xD0, 0xFF, 0xD0, 0xFF, 0xD0, 0xFF, 0xD0,
   0xFF, 0xD0, 0xFF, 0xD0, 0xFF, 0xD0, 0xFF, 0xD0, 0xFF, 0xD0, 0xFF, 0xD0, 0xFF, 0xD0, 0xFF, 0xD0,
   0xFF, 0xD0, 0xFF, 0xD0, 0xFF, 0xD0, 0xFF, 0xD0, 0xFF, 0xD0, 0xFF, 0xD0, 0xFF, 0xD0, 0xFF, 0xD0,
   0xFF, 0xD0, 0xFF, 0xD0, 0xFF, 0xD0, 0xFF, 0xD0, 0xFF, 0xD0, 0xFF, 0xD0, 0xFF, 0xD0, 0xFF, 0xD0,
   0xFF, 0xD0, 0xFF, 0xD0, 0xFF, 0xD0, 0xFF, 0xD0, 0xFF, 0xD0, 0xFF, 0xD0, 0xFF, 0xD0, 0xFF, 0xD0,
   0xFF, 0xD0, 0xFF, 0xD0, 0xFF, 0xD0, 0xFF, 0xD0, 0xFF, 0xD0, 0xFF, 0xD0, 0xFF, 0xD0, 0xFF, 0xD0,
   0xFF, 0xD0, 0xFF, 0xD0, 0xFF, 0xD0, 0xFF, 0xD0, 0xFF, 0xD0, 0xFF, 0xD0, 0xFF, 0xD0, 0xFF, 0xD0,
   0xFF, 0xD0, 0xFF, 0xD0, 0xFF, 0xD0, 0xFF, 0xD0, 0xFF, 0xD0, 0xFF, 0xD0, 0xFF, 0xD0, 0xFF, 0xD0,
   0xFF, 0xD0, 0xFF, 0xD0, 0xFF, 0xD0, 0xFF, 0xD0, 0xFF, 0xD0, 0xFF, 0xD0, 0xFF, 0xD0, 0xFF, 0xD0,
   0xFF, 0xD0, 0xFF, 0xD0, 0xFF, 0xD0, 0xFF, 0xD0, 0xFF, 0xD0, 0xFF, 0xD0, 0xFF, 0xD0, 0xFF, 0xD0,
   0x67, 0xF7, 0x67, 0xF7, 0x67, 0xF7, 0x67, 0xF7, 0x67, 0xF7, 0x67, 0xF7, 0xFF, 0xD0, 0xFF, 0xD0,
   0xFF, 0xD0, 0xFF, 0xD0, 0xFF, 0xD0, 0xFF, 0xD0, 0xFF, 0xD0, 0xFF, 0xD0, 0xFF, 0xD0, 0xFF, 0xD0,
   0x67, 0xF7, 0x67, 0xF7, 0x67, 0xF7, 0x67, 0xF7, 0x67, 0xF7, 0x67, 0xF7, 0xFF, 0xD0, 0xFF, 0xD0,
   0xFF, 0xD0, 0xFF, 0xD0, 0xFF, 0xD0, 0xFF, 0xD0, 0xFF, 0xD0, 0xFF, 0xD0, 0xFF, 0xD0, 0xFF, 0xD0,
   0x67, 0xF7, 0x67, 0xF7, 0x67, 0xF7, 0x67, 0xF7, 0x67, 0xF7, 0x67, 0xF7, 0xFF, 0xD0, 0xFF, 0xD0,
   0xFF, 0xD0, 0xFF, 0xD0, 0xFF, 0xD0, 0xFF, 0xD0, 0xFF, 0xD0, 0xFF, 0xD0, 0xFF, 0xD0, 0xFF, 0xD0,
   0x67, 0xF7, 0x67, 0xF7, 0x67, 0xF7, 0x67, 0xF7, 0x67, 0xF7, 0x67, 0xF7, 0xFF, 0xD0, 0xFF, 0xD0,
   0xFF, 0xD0, 0xFF, 0xD0, 0xFF, 0xD0, 0xFF, 0xD0, 0xFF, 0xD0, 0xFF, 0xD0, 0xFF, 0xD0, 0xFF, 0xD0,
   0x67, 0xF7, 0x67, 0xF7, 0x67, 0xF7, 0x67, 0xF7, 0xFF, 0xD0, 0xFF, 0xD0, 0xFF, 0xD0, 0xFF, 0xD0,
   0xFF, 0xD0, 0xFF, 0xD0, 0xFF, 0xD0, 0xFF, 0xD0, 0xFF, 0xD0, 0xFF, 0xD0, 0xFF, 0xD0, 0xFF, 0xD0,
   0x67, 0xF7, 0x67, 0xF7, 0x67, 0xF7, 0x67, 0xF7, 0xFF, 0xD0, 0xFF, 0xD0, 0xFF, 0xD0, 0xFF, 0xD0,
   0xFF, 0xD0, 0xFF, 0xD0, 0xFF, 0xD0, 0xFF, 0xD0, 0xFF, 0xD0, 0xFF, 0xD0, 0xFF, 0xD0, 0xFF, 0xD0,
   0xFF, 0xD0, 0xFF, 0xD0, 0xFF, 0xD0, 0xFF, 0xD0, 0xFF, 0xD0, 0xFF, 0xD0, 0xFF, 0xD0, 0xFF, 0xD0,
   0xFF, 0xD0, 0xFF, 0xD0, 0xFF, 0xD0, 0xFF, 0xD0, 0xFF, 0xD0, 0xFF, 0xD0, 0xFF, 0xD0, 0xFF, 0xD0,
   0xFF, 0xD0, 0xFF, 0xD0, 0xFF, 0xD0, 0xFF, 0xD0, 0xFF, 0xD0, 0xFF, 0xD0, 0xFF, 0xD0, 0xFF, 0xD0,
   0xFF, 0xD0, 0xFF, 0xD0, 0xFF, 0xD0, 0xFF, 0xD0, 0xFF, 0xD0, 0xFF, 0xD0, 0xFF, 0xD0, 0xFF, 0xD0,
   0xFF, 0xD0, 0xFF, 0xD0, 0xFF, 0xD0, 0xFF, 0xD0, 0xFF, 0xD0, 0xFF, 0xD0, 0xFF, 0xD0, 0xFF, 0xD0,
   0xFF, 0xD0, 0xFF, 0xD0, 0xFF, 0xD0, 0xFF, 0xD0, 0xFF, 0xD0, 0xFF, 0xD0, 0xFF, 0xD0, 0xFF, 0xD0,
   0xFF, 0xD0, 0xFF, 0xD0, 0xFF, 0xD0, 0xFF, 0xD0, 0xFF, 0xD0, 0xFF, 0xD0, 0xFF, 0xD0, 0xFF, 0xD0,
   0xFF, 0xD0, 0xFF, 0xD0, 0xFF, 0xD0, 0xFF, 0xD0, 0xFF, 0xD0, 0xFF, 0xD0, 0xFF, 0xD0, 0xFF, 0xD0,
   0xFF, 0xD0, 0xFF, 0xD0, 0xFF, 0xD0, 0xFF, 0xD0, 0xFF, 0xD0, 0xFF, 0xD0, 0xFF, 0xD0, 0xFF, 0xD0,
   0xFF, 0xD0, 0xFF, 0xD0, 0xFF, 0xD0, 0xFF, 0xD0, 0xFF, 0xD0, 0xFF, 0xD0, 0xFF, 0xD0, 0xFF, 0xD0,
   0xFF, 0xD0, 0xFF, 0xD0, 0xFF, 0xD0, 0xFF, 0xD0, 0xFF, 0xD0, 0xFF, 0xD0, 0xFF, 0xD0, 0xFF, 0xD0,
   0xFF, 0xD0, 0xFF, 0xD0, 0xFF, 0xD0, 0xFF, 0xD0, 0xFF, 0xD0, 0xFF, 0xD0, 0xFF, 0xD0, 0xFF, 0xD0,
   0xFF, 0xD0, 0xFF, 0xD0, 0xFF, 0xD0, 0xFF, 0xD0, 0xFF, 0xD0, 0xFF, 0xD0, 0xFF, 0xD0, 0xFF, 0xD0,
   0xFF, 0xD0, 0xFF, 0xD0, 0xFF, 0xD0, 0xFF, 0xD0, 0xFF, 0xD0, 0xFF, 0xD0, 0xFF, 0xD0, 0xFF, 0xD0,
   0xFF, 0xD0, 0xFF, 0xD0, 0xFF, 0xD0, 0xFF, 0xD0, 0xFF, 0xD0, 0xFF, 0xD0, 0xFF, 0xD0, 0xFF, 0xD0,
   0xFF, 0xD0, 0xFF, 0xD0, 0xFF, 0xD0, 0xFF, 0xD0, 0xFF, 0xD0, 0xFF, 0xD0, 0xFF, 0xD0, 0xFF, 0xD0,
   0xFF, 0xD0, 0xFF, 0xD0, 0xFF, 0xD0, 0xFF, 0xD0, 0xFF, 0xD0, 0xFF, 0xD0, 0xFF, 0xD0, 0xFF, 0xD0,
   0xFF, 0xD0, 0xFF, 0xD0, 0xFF, 0xD0, 0xFF, 0xD0, 0xFF, 0xD0, 0xFF, 0xD0, 0xFF, 0xD0, 0xFF, 0xD0,
   0xFF, 0xD0, 0xFF, 0xD0, 0xFF, 0xD0, 0xFF, 0xD0, 0xFF, 0xD0, 0xFF, 0xD0, 0xFF, 0xD0, 0xFF, 0xD0,
   0xFF, 0xD0, 0xFF, 0xD0, 0xFF, 0xD0, 0xFF, 0xD0, 0xFF, 0xD0, 0xFF, 0xD0, 0xFF, 0xD0, 0xFF, 0xD0,
   0x00, 0x4E, 0x00, 0x4E, 0x00, 0x4E, 0x00, 0x4E, 0x00, 0x4E, 0x00, 0x4E, 0x00, 0x4E, 0x00, 0x00,
   0x00, 0x00, 0x00, 0x00, 0x00, 0x00, 0x00, 0x4E, 0x00, 0x4E, 0x00, 0x4E, 0x00, 0x4E, 0x00, 0x4E,
   0x00, 0x4E, 0x00, 0x4E, 0x00, 0x4E, 0x00, 0x4E, 0x00, 0x4E, 0x00, 0x4E, 0x00, 0x4E, 0x00, 0x00,
   0x00, 0x00, 0x00, 0x00, 0x00, 0x00, 0x00, 0x4E, 0x00, 0x4E, 0x00, 0x4E, 0x00, 0x4E, 0x00, 0x4E,
   0x00, 0x4E, 0x00, 0x4E, 0x00, 0x4E, 0x00, 0x4E, 0x00, 0x4E, 0x00, 0x4E, 0x00, 0x4E, 0x00, 0x00,
   0x00, 0x00, 0x00, 0x00, 0x00, 0x00, 0x00, 0x4E, 0x00, 0x4E, 0x00, 0x4E, 0x00, 0x4E, 0x00, 0x4E,
   0x00, 0x4E, 0x00, 0x4E, 0x00, 0x4E, 0x00, 0x4E, 0x00, 0x4E, 0x00, 0x4E, 0x00, 0x4E, 0x00, 0x00,
   0x00, 0x00, 0x00, 0x00, 0x00, 0x00, 0x00, 0x4E, 0x00, 0x4E, 0x00, 0x4E, 0x00, 0x4E, 0x00, 0x4E,
   0x00, 0x4E, 0x00, 0x4E, 0x00, 0x4E, 0x00, 0x4E, 0x00, 0x4E, 0x00, 0x4E, 0x00, 0x4E, 0x00, 0x00,
   0x00, 0x00, 0x00, 0x00, 0x00, 0x00, 0x00, 0x4E, 0x00, 0x4E, 0x00, 0x4E, 0x00, 0x4E, 0x00, 0x4E,
   0x00, 0x4E, 0x00, 0x4E, 0x00, 0x4E, 0x00, 0x4E, 0x00, 0x4E, 0x00, 0x4E, 0x00, 0x4E, 0x00, 0x00,
   0x00, 0x00, 0x00, 0x00, 0x00, 0x00, 0x00, 0x00, 0x00, 0x00, 0x00, 0x00, 0x00, 0x00, 0x00, 0x00,
   0x00, 0x4E, 0x00, 0x4E, 0x00, 0x4E, 0x00, 0x4E, 0x00, 0x4E, 0x00, 0x4E, 0x00, 0x4E, 0x00, 0x00,
   0x00, 0x00, 0x00, 0x00, 0x00, 0x00, 0x00, 0x00, 0x00, 0x00, 0x00, 0x00, 0x00, 0x00, 0x00, 0x00,
   0x00, 0x4E, 0x00, 0x4E, 0x00, 0x4E, 0x00, 0x4E, 0x00, 0x4E, 0x00, 0x4E, 0x00, 0x4E, 0x00, 0x00,
   0x00, 0x00, 0x00, 0x00, 0x00, 0x00, 0x00, 0x00, 0x00, 0x00, 0x00, 0x00, 0x00, 0x00, 0x00, 0x00,
   0x00, 0x4E, 0x00, 0x4E, 0x00, 0x4E, 0x00, 0x4E, 0x00, 0x4E, 0x00, 0x4E, 0x00, 0x4E, 0x00, 0x00,
   0x00, 0x00, 0x00, 0x00, 0x00, 0x00, 0x00, 0x00, 0x00, 0x00, 0x00, 0x00, 0x00, 0x00, 0x00, 0x00,
   0x00, 0x4E, 0x00, 0x4E, 0x00, 0x4E, 0x00, 0x4E, 0x00, 0x4E, 0x00, 0x4E, 0x00, 0x4E, 0x00, 0x4E,
   0x00, 0x4E, 0x00, 0x4E, 0x00, 0x4E, 0x00, 0x4E, 0x00, 0x4E, 0x00, 0x4E, 0x00, 0x4E, 0x00, 0x4E,
   0x00, 0x4E, 0x00, 0x4E, 0x00, 0x4E, 0x00, 0x4E, 0x00, 0x4E, 0x00, 0x4E, 0x00, 0x4E, 0x00, 0x4E,
   0x00, 0x4E, 0x00, 0x4E, 0x00, 0x4E, 0x00, 0x4E, 0x00, 0x4E, 0x00, 0x4E, 0x00, 0x4E, 0x00, 0x4E,
   0x00, 0x4E, 0x00, 0x4E, 0x00, 0x4E, 0x00, 0x4E, 0x00, 0x4E, 0x00, 0x4E, 0x00, 0x4E, 0x00, 0x4E,
   0x00, 0x4E, 0x00, 0x4E, 0x00, 0x4E, 0x00, 0x4E, 0x00, 0x4E, 0x00, 0x4E, 0x00, 0x4E, 0x00, 0x4E,
   0x00, 0x4E, 0x00, 0x4E, 0x00, 0x4E, 0x00, 0x4E, 0x00, 0x4E, 0x00, 0x4E, 0x00, 0x4E, 0x00, 0x4E,
   0x00, 0x4E, 0x00, 0x4E, 0x00, 0x4E, 0x00, 0x4E, 0x00, 0x4E, 0x00, 0x4E, 0x00, 0x4E, 0x00, 0x4E,
   0x00, 0x4E, 0x00, 0x4E, 0x00, 0x4E, 0x00, 0x4E, 0x00, 0x4E, 0x00, 0x4E, 0x00, 0x4E, 0x00, 0x4E,
   0x00, 0x4E, 0x00, 0x4E, 0x00, 0x4E, 0x00, 0x4E, 0x00, 0x4E, 0x00, 0x4E, 0x00, 0x4E, 0x00, 0x4E,
   0x00, 0x4E, 0x00, 0x4E, 0x00, 0x4E, 0x00, 0x4E, 0x00, 0x4E, 0x00, 0x4E, 0x00, 0x4E, 0x00, 0x4E,
   0x00, 0x4E, 0x00, 0x4E, 0x00, 0x4E, 0x00, 0x4E, 0x00, 0x4E, 0x00, 0x4E, 0x00, 0x4E, 0x00, 0x4E,
   0x00, 0x4E, 0x00, 0x4E, 0x00, 0x4E, 0x00, 0x4E, 0x00, 0x4E, 0x00, 0x4E, 0x00, 0x4E, 0x00, 0x4E,
   0x00, 0x4E, 0x00, 0x4E, 0x00, 0x4E, 0x00, 0x4E, 0x00, 0x4E, 0x00, 0x4E, 0x00, 0x4E, 0x00, 0x4E,
   0x00, 0x4E, 0x00, 0x4E, 0x00, 0x4E, 0x00, 0x4E, 0x00, 0x4E, 0x00, 0x00, 0x00, 0x00, 0x00, 0x00,
   0x00, 0x00, 0x00, 0x4E, 0x00, 0x4E, 0x00, 0x4E, 0x00, 0x4E, 0x00, 0x4E, 0x00, 0x4E, 0x00, 0x4E,
   0x00, 0x4E, 0x00, 0x4E, 0x00, 0x4E, 0x00, 0x4E, 0x00, 0x4E, 0x00, 0x00, 0x00, 0x00, 0x00, 0x00,
   0x00, 0x00, 0x00, 0x4E, 0x00, 0x4E, 0x00, 0x4E, 0x00, 0x4E, 0x00, 0x4E, 0x00, 0x4E, 0x00, 0x4E,
   0x00, 0x4E, 0x00, 0x4E, 0x00, 0x4E, 0x00, 0x4E, 0x00, 0x4E, 0x00, 0x00, 0x00, 0x00, 0x00, 0x00,
   0x00, 0x00, 0x00, 0x4E, 0x00, 0x4E, 0x00, 0x4E, 0x00, 0x4E, 0x00, 0x4E, 0x00, 0x4E, 0x00, 0x4E,
   0x00, 0x4E, 0x00, 0x4E, 0x00, 0x4E, 0x00, 0x4E, 0x00, 0x4E, 0x00, 0x00, 0x00, 0x00, 0x00, 0x00,
   0x00, 0x00, 0x00, 0x4E, 0x00, 0x4E, 0x00, 0x4E, 0x00, 0x4E, 0x00, 0x4E, 0x00, 0x4E, 0x00, 0x4E,
   0x00, 0x4E, 0x00, 0x4E, 0x00, 0x4E, 0x00, 0x4E, 0x00, 0x4E, 0x00, 0x00, 0x00, 0x00, 0x00, 0x00,
   0x00, 0x00, 0x00, 0x4E, 0x00, 0x4E, 0x00, 0x4E, 0x00, 0x4E, 0x00, 0x4E, 0x00, 0x4E, 0x00, 0x4E,
   0x00, 0x00, 0x00, 0x00, 0x00, 0x00, 0x00, 0x00, 0x00, 0x00, 0x00, 0x00, 0x00, 0x00, 0x00, 0x00,
   0x00, 0x00, 0x00, 0x4E, 0x00, 0x4E, 0x00, 0x4E, 0x00, 0x4E, 0x00, 0x4E, 0x00, 0x4E, 0x00, 0x4E,
   0x00, 0x00, 0x00, 0x00, 0x00, 0x00, 0x00, 0x00, 0x00, 0x00, 0x00, 0x00, 0x00, 0x00, 0x00, 0x00,
   0x00, 0x00, 0x00, 0x4E, 0x00, 0x4E, 0x00, 0x4E, 0x00, 0x4E, 0x00, 0x4E, 0x00, 0x4E, 0x00, 0x4E,
   0x00, 0x00, 0x00, 0x00, 0x00, 0x00, 0x00, 0x00, 0x00, 0x00, 0x00, 0x00, 0x00, 0x00, 0x00, 0x00,
   0x00, 0x00, 0x00, 0x4E, 0x00, 0x4E, 0x00, 0x4E, 0x00, 0x4E, 0x00, 0x4E, 0x00, 0x4E, 0x00, 0x4E,
   0x00, 0x00, 0x00, 0x00, 0x00, 0x00, 0x00, 0x00, 0x00, 0x00, 0x00, 0x00, 0x00, 0x00, 0x00, 0x00,
   0x00, 0x00, 0x00, 0x4E, 0x00, 0x4E, 0x00, 0x4E, 0x00, 0x4E, 0x00, 0x4E, 0x00, 0x4E, 0x00, 0x4E,
   0x00, 0x4E, 0x00, 0x4E, 0x00, 0x4E, 0x00, 0x4E, 0x00, 0x4E, 0x00, 0x4E, 0x00, 0x4E, 0x00, 0x4E,
   0x00, 0x4E, 0x00, 0x4E, 0x00, 0x4E, 0x00, 0x4E, 0x00, 0x4E, 0x00, 0x4E, 0x00, 0x4E, 0x00, 0x4E,
   0x00, 0x4E, 0x00, 0x4E, 0x00, 0x4E, 0x00, 0x4E, 0x00, 0x4E, 0x00, 0x4E, 0x00, 0x4E, 0x00, 0x4E,
   0x00, 0x4E, 0x00, 0x4E, 0x00, 0x4E, 0x00, 0x4E, 0x00, 0x4E, 0x00, 0x4E, 0x00, 0x4E, 0x00, 0x4E,
   0x00, 0x4E, 0x00, 0x4E, 0x00, 0x4E, 0x00, 0x4E, 0x00, 0x4E, 0x00, 0x4E, 0x00, 0x4E, 0x00, 0x4E,
   0x00, 0x4E, 0x00, 0x4E, 0x00, 0x4E, 0x00, 0x4E, 0x00, 0x4E, 0x00, 0x4E, 0x00, 0x4E, 0x00, 0x4E,
   0x00, 0x4E, 0x00, 0x4E, 0x00, 0x4E, 0x00, 0x4E, 0x00, 0x4E, 0x00, 0x4E, 0x00, 0x4E, 0x00, 0x4E,
   0x00, 0x4E, 0x00, 0x4E, 0x00, 0x4E, 0x00, 0x4E, 0x00, 0x4E, 0x00, 0x4E, 0x00, 0x4E, 0x00, 0x4E,
   0x00, 0x4E, 0x00, 0x4E, 0x00, 0x4E, 0x00, 0x4E, 0x00, 0x4E, 0x00, 0x4E, 0x00, 0x4E, 0x00, 0x4E,
   0x00, 0x4E, 0x00, 0x4E, 0x00, 0x4E, 0x00, 0x4E, 0x00, 0x4E, 0x00, 0x4E, 0x00, 0x4E, 0x00, 0x4E,
   0x00, 0x4E, 0x00, 0x4E, 0x00, 0x4E, 0x00, 0x4E, 0x00, 0x4E, 0x00, 0x4E, 0x00, 0x4E, 0x00, 0x4E,
   0x00, 0x4E, 0x00, 0x4E, 0x00, 0x4E, 0x00, 0x4E, 0x00, 0x4E, 0x00, 0x4E, 0x00, 0x4E, 0x00, 0x4E,
   0x00, 0x4E, 0x00, 0x4E, 0x00, 0x4E, 0x00, 0x4E, 0x00, 0x4E, 0x00, 0x4E, 0x00, 0x4E, 0x00, 0x4E,
   0x00, 0x4E, 0x00, 0x4E, 0x00, 0x4E, 0x00, 0x4E, 0x00, 0x4E, 0x00, 0x4E, 0x00, 0x4E, 0x00, 0x4E,
   0x00, 0x4E, 0x00, 0x4E, 0x00, 0x4E, 0x00, 0x4E, 0x00, 0x4E, 0x00, 0x4E, 0x00, 0x4E, 0x00, 0x4E,
   0x00, 0x4E, 0x00, 0x4E, 0x00, 0x4E, 0x00, 0x4E, 0x00, 0x4E, 0x00, 0x4E, 0x00, 0x4E, 0x00, 0x4E,
   0x00, 0x4E, 0x00, 0x4E, 0x00, 0x4E, 0x00, 0x4E, 0x00, 0x4E, 0x00, 0x4E, 0x00, 0x4E, 0x00, 0x4E,
   0x00, 0x4E, 0x00, 0x4E, 0x00, 0x4E, 0x00, 0x4E, 0x00, 0x4E, 0x00, 0x4E, 0x00, 0x4E, 0x00, 0x4E,
   0x00, 0x4E, 0x00, 0x4E, 0x00, 0x4E, 0x00, 0x4E, 0x00, 0x4E, 0x00, 0x4E, 0x00, 0x4E, 0x00, 0x4E,
   0x00, 0x4E, 0x00, 0x4E, 0x00, 0x4E, 0x00, 0x4E, 0x00, 0x4E, 0x00, 0x4E, 0x00, 0x4E, 0x00, 0x4E,
   0x00, 0x4E, 0x00, 0x4E, 0x00, 0x4E, 0x00, 0x4E, 0x00, 0x4E, 0x00, 0x4E, 0x00, 0x4E, 0x00, 0x4E,
   0x00, 0x4E, 0x00, 0x4E, 0x00, 0x4E, 0x00, 0x4E, 0x00, 0x4E, 0x00, 0x4E, 0x00, 0x4E, 0x00, 0x4E,
   0x00, 0x4E, 0x00, 0x4E, 0x00, 0x4E, 0x00, 0x4E, 0x00, 0x4E, 0x00, 0x4E, 0x00, 0x4E, 0x00, 0x4E,
   0x00, 0x4E, 0x00, 0x4E, 0x00, 0x4E, 0x00, 0x4E, 0x00, 0x4E, 0x00, 0x4E, 0x00, 0x4E, 0x00, 0x4E,
   0x00, 0x4E, 0x00, 0x4E, 0x00, 0x4E, 0x00, 0x4E, 0x00, 0x4E, 0x00, 0x4E, 0x00, 0x4E, 0x00, 0x4E,
   0x00, 0x4E, 0x00, 0x4E, 0x00, 0x4E, 0x00, 0x4E, 0x00, 0x4E, 0x00, 0x4E, 0x00, 0x4E, 0x00, 0x4E,
   0x00, 0x4E, 0x00, 0x4E, 0x00, 0x4E, 0x00, 0x4E, 0x00, 0x4E, 0x00, 0x4E, 0x00, 0x4E, 0x00, 0x4E,
   0x00, 0x4E, 0x00, 0x4E, 0x00, 0x4E, 0x00, 0x4E, 0x00, 0x4E, 0x00, 0x4E, 0x00, 0x4E, 0x00, 0x4E,
   0x00, 0x4E, 0x00, 0x4E, 0x00, 0x4E, 0x00, 0x4E, 0x00, 0x4E, 0x00, 0x4E, 0x00, 0x4E, 0x00, 0x00,
   0x00, 0x00, 0x00, 0x00, 0x00, 0x00, 0x00, 0x00, 0x00, 0x00, 0x00, 0x00, 0x00, 0x00, 0x00, 0x00,
   0x00, 0x4E, 0x00, 0x4E, 0x00, 0x4E, 0x00, 0x4E, 0x00, 0x4E, 0x00, 0x4E, 0x00, 0x4E, 0x00, 0x00,
   0x00, 0x00, 0x00, 0x00, 0x00, 0x00, 0x00, 0x00, 0x00, 0x00, 0x00, 0x00, 0x00, 0x00, 0x00, 0x00,
   0x00, 0x4E, 0x00, 0x4E, 0x00, 0x4E, 0x00, 0x4E, 0x00, 0x4E, 0x00, 0x4E, 0x00, 0x4E, 0x00, 0x00,
   0x00, 0x00, 0x00, 0x00, 0x00, 0x00, 0x00, 0x00, 0x00, 0x00, 0x00, 0x00, 0x00, 0x00, 0x00, 0x00,
   0x00, 0x4E, 0x00, 0x4E, 0x00, 0x4E, 0x00, 0x4E, 0x00, 0x4E, 0x00, 0x4E, 0x00, 0x4E, 0x00, 0x00,
   0x00, 0x00, 0x00, 0x00, 0x00, 0x00, 0x00, 0x00, 0x00, 0x00, 0x00, 0x00, 0x00, 0x00, 0x00, 0x00,
   0x00, 0x4E, 0x00, 0x4E, 0x00, 0x4E, 0x00, 0x4E, 0x00, 0x4E, 0x00, 0x4E, 0x00, 0x4E, 0x00, 0x00,
   0x00, 0x00, 0x00, 0x00, 0x00, 0x00, 0x00, 0x4E, 0x00, 0x4E, 0x00, 0x4E, 0x00, 0x4E, 0x00, 0x4E,
   0x00, 0x4E, 0x00, 0x4E, 0x00, 0x4E, 0x00, 0x4E, 0x00, 0x4E, 0x00, 0x4E, 0x00, 0x4E, 0x00, 0x00,
   0x00, 0x00, 0x00, 0x00, 0x00, 0x00, 0x00, 0x4E, 0x00, 0x4E, 0x00, 0x4E, 0x00, 0x4E, 0x00, 0x4E,
   0x00, 0x4E, 0x00, 0x4E, 0x00, 0x4E, 0x00, 0x4E, 0x00, 0x4E, 0x00, 0x4E, 0x00, 0x4E, 0x00, 0x00,
   0x00, 0x00, 0x00, 0x00, 0x00, 0x00, 0x00, 0x4E, 0x00, 0x4E, 0x00, 0x4E, 0x00, 0x4E, 0x00, 0x4E,
   0x00, 0x4E, 0x00, 0x4E, 0x00, 0x4E, 0x00, 0x4E, 0x00, 0x4E, 0x00, 0x4E, 0x00, 0x4E, 0x00, 0x00,
   0x00, 0x00, 0x00, 0x00, 0x00, 0x00, 0x00, 0x4E, 0x00, 0x4E, 0x00, 0x4E, 0x00, 0x4E, 0x00, 0x4E,
   0x00, 0x4E, 0x00, 0x4E, 0x00, 0x4E, 0x00, 0x4E, 0x00, 0x4E, 0x00, 0x4E, 0x00, 0x4E, 0x00, 0x00,
   0x00, 0x00, 0x00, 0x00, 0x00, 0x00, 0x00, 0x4E, 0x00, 0x4E, 0x00, 0x4E, 0x00, 0x4E, 0x00, 0x4E,
   0x00, 0x4E, 0x00, 0x4E, 0x00, 0x4E, 0x00, 0x4E, 0x00, 0x4E, 0x00, 0x4E, 0x00, 0x4E, 0x00, 0x4E,
   0x00, 0x4E, 0x00, 0x4E, 0x00, 0x4E, 0x00, 0x4E, 0x00, 0x4E, 0x00, 0x4E, 0x00, 0x4E, 0x00, 0x4E,
   0x00, 0x4E, 0x00, 0x4E, 0x00, 0x4E, 0x00, 0x4E, 0x00, 0x4E, 0x00, 0x4E, 0x00, 0x4E, 0x00, 0x4E,
   0x00, 0x4E, 0x00, 0x4E, 0x00, 0x4E, 0x00, 0x4E, 0x00, 0x4E, 0x00, 0x4E, 0x00, 0x4E, 0x00, 0x4E,
   0x00, 0x4E, 0x00, 0x4E, 0x00, 0x4E, 0x00, 0x4E, 0x00, 0x4E, 0x00, 0x4E, 0x00, 0x4E, 0x00, 0x4E,
   0x00, 0x4E, 0x00, 0x4E, 0x00, 0x4E, 0x00, 0x4E, 0x00, 0x4E, 0x00, 0x4E, 0x00, 0x4E, 0x00, 0x4E,
   0x00, 0x4E, 0x00, 0x4E, 0x00, 0x4E, 0x00, 0x4E, 0x00, 0x4E, 0x00, 0x4E, 0x00, 0x4E, 0x00, 0x4E,
   0x00, 0x4E, 0x00, 0x4E, 0x00, 0x4E, 0x00, 0x4E, 0x00, 0x4E, 0x00, 0x4E, 0x00, 0x4E, 0x00, 0x4E,
   0x00, 0x4E, 0x00, 0x4E, 0x00, 0x4E, 0x00, 0x4E, 0x00, 0x4E, 0x00, 0x4E, 0x00, 0x4E, 0x00, 0x4E,
   0x00, 0x4E, 0x00, 0x4E, 0x00, 0x4E, 0x00, 0x4E, 0x00, 0x4E, 0x00, 0x4E, 0x00, 0x4E, 0x00, 0x4E,
   0x00, 0x4E, 0x00, 0x4E, 0x00, 0x4E, 0x00, 0x4E, 0x00, 0x4E, 0x00, 0x4E, 0x00, 0x4E, 0x00, 0x4E,
   0x00, 0x4E, 0x00, 0x4E, 0x00, 0x4E, 0x00, 0x4E, 0x00, 0x4E, 0x00, 0x4E, 0x00, 0x4E, 0x00, 0x4E,
   0x00, 0x4E, 0x00, 0x4E, 0x00, 0x4E, 0x00, 0x4E, 0x00, 0x4E, 0x00, 0x4E, 0x00, 0x4E, 0x00, 0x4E,
   0x00, 0x4E, 0x00, 0x4E, 0x00, 0x4E, 0x00, 0x4E, 0x00, 0x4E, 0x00, 0x4E, 0x00, 0x4E, 0x00, 0x4E,
   0x00, 0x00, 0x00, 0x00, 0x00, 0x00, 0x00, 0x00, 0x00, 0x00, 0x00, 0x00, 0x00, 0x00, 0x00, 0x00,
   0x00, 0x00, 0x00, 0x4E, 0x00, 0x4E, 0x00, 0x4E, 0x00, 0x4E, 0x00, 0x4E, 0x00, 0x4E, 0x00, 0x4E,
   0x00, 0x00, 0x00, 0x00, 0x00, 0x00, 0x00, 0x00, 0x00, 0x00, 0x00, 0x00, 0x00, 0x00, 0x00, 0x00,
   0x00, 0x00, 0x00, 0x4E, 0x00, 0x4E, 0x00, 0x4E, 0x00, 0x4E, 0x00, 0x4E, 0x00, 0x4E, 0x00, 0x4E,
   0x00, 0x00, 0x00, 0x00, 0x00, 0x00, 0x00, 0x00, 0x00, 0x00, 0x00, 0x00, 0x00, 0x00, 0x00, 0x00,
   0x00, 0x00, 0x00, 0x4E, 0x00, 0x4E, 0x00, 0x4E, 0x00, 0x4E, 0x00, 0x4E, 0x00, 0x4E, 0x00, 0x4E,
   0x00, 0x00, 0x00, 0x00, 0x00, 0x00, 0x00, 0x00, 0x00, 0x00, 0x00, 0x00, 0x00, 0x00, 0x00, 0x00,
   0x00, 0x00, 0x00, 0x4E, 0x00, 0x4E, 0x00, 0x4E, 0x00, 0x4E, 0x00, 0x4E, 0x00, 0x4E, 0x00, 0x4E,
   0x00, 0x4E, 0x00, 0x4E, 0x00, 0x4E, 0x00, 0x4E, 0x00, 0x4E, 0x00, 0x00, 0x00, 0x00, 0x00, 0x00,
   0x00, 0x00, 0x00, 0x4E, 0x00, 0x4E, 0x00, 0x4E, 0x00, 0x4E, 0x00, 0x4E, 0x00, 0x4E, 0x00, 0x4E,
   0x00, 0x4E, 0x00, 0x4E, 0x00, 0x4E, 0x00, 0x4E, 0x00, 0x4E, 0x00, 0x00, 0x00, 0x00, 0x00, 0x00,
   0x00, 0x00, 0x00, 0x4E, 0x00, 0x4E, 0x00, 0x4E, 0x00, 0x4E, 0x00, 0x4E, 0x00, 0x4E, 0x00, 0x4E,
   0x00, 0x4E, 0x00, 0x4E, 0x00, 0x4E, 0x00, 0x4E, 0x00, 0x4E, 0x00, 0x00, 0x00, 0x00, 0x00, 0x00,
   0x00, 0x00, 0x00, 0x4E, 0x00, 0x4E, 0x00, 0x4E, 0x00, 0x4E, 0x00, 0x4E, 0x00, 0x4E, 0x00, 0x4E,
   0x00, 0x4E, 0x00, 0x4E, 0x00, 0x4E, 0x00, 0x4E, 0x00, 0x4E, 0x00, 0x00, 0x00, 0x00, 0x00, 0x00,
   0x00, 0x00, 0x00, 0x4E, 0x00, 0x4E, 0x00, 0x4E, 0x00, 0x4E, 0x00, 0x4E, 0x00, 0x4E, 0x00, 0x4E,
   0x00, 0x4E, 0x00, 0x4E, 0x00, 0x4E, 0x00, 0x4E, 0x00, 0x4E, 0x00, 0x00, 0x00, 0x00, 0x00, 0x00,
   0x00, 0x00, 0x00, 0x4E, 0x00, 0x4E, 0x00, 0x4E, 0x00, 0x4E, 0x00, 0x4E, 0x00, 0x4E, 0x00, 0x4E,
   0x00, 0x00, 0x00, 0x00, 0x00, 0x00, 0x00, 0x00, 0x00, 0x00, 0x00, 0x00, 0x00, 0x00, 0x00, 0x00,
   0x00, 0x00, 0x00, 0x00, 0x00, 0x00, 0x00, 0x00, 0x00, 0x00, 0x00, 0x00, 0x00, 0x00, 0x00, 0x00,
   0x00, 0x00, 0x00, 0x00, 0x00, 0x00, 0x00, 0x00, 0x00, 0x00, 0x00, 0x00, 0x00, 0x00, 0x00, 0x00,
   0x00, 0x00, 0x00, 0x00, 0x00, 0x00, 0x00, 0x00, 0x00, 0x00, 0x00, 0x00, 0x00, 0x00, 0x00, 0x00,
   0x00, 0x00, 0x00, 0x00, 0x00, 0x00, 0x00, 0x00, 0x00, 0x00, 0x00, 0x00, 0x00, 0x00, 0x00, 0x00,
   0x00, 0x00, 0x00, 0x00, 0x00, 0x00, 0x00, 0x00, 0x00, 0x00, 0x00, 0x00, 0x00, 0x00, 0x00, 0x00,
   0x00, 0x00, 0x00, 0x00, 0x00, 0x00, 0x00, 0x00, 0x00, 0x00, 0x00, 0x00, 0x00, 0x00, 0x00, 0x00,
   0x00, 0x00, 0x00, 0x00, 0x00, 0x00, 0x00, 0x00, 0x00, 0x00, 0x00, 0x00, 0x00, 0x00, 0x00, 0x00,
   0x00, 0x00, 0x00, 0x00, 0x00, 0x00, 0x00, 0x00, 0x00, 0x00, 0x00, 0x00, 0x00, 0x00, 0x00, 0x00,
   0x00, 0x00, 0x00, 0x00, 0x00, 0x00, 0x00, 0x00, 0x00, 0x00, 0x00, 0x00, 0x00, 0x00, 0x00, 0x00,
   0x00, 0x00, 0x00, 0x00, 0x00, 0x00, 0x00, 0x00, 0x00, 0x00, 0x00, 0x00, 0x00, 0x00, 0x00, 0x00,
   0x00, 0x00, 0x00, 0x00, 0x00, 0x00, 0x00, 0x00, 0x00, 0x00, 0x00, 0x00, 0x00, 0x00, 0x00, 0x00,
   0x00, 0x00, 0x00, 0x00, 0x00, 0x00, 0x00, 0x00, 0x00, 0x00, 0x00, 0x00, 0x00, 0x00, 0x00, 0x00,
   0x00, 0x00, 0x00, 0x00, 0x00, 0x00, 0x00, 0x00, 0x00, 0x00, 0x00, 0x00, 0x00, 0x00, 0x00, 0x00,
   0x00, 0x00, 0x00, 0x00, 0x00, 0x00, 0x00, 0x00, 0x00, 0x00, 0x00, 0x00, 0x00, 0x00, 0x00, 0x00,
   0x00, 0x00, 0x00, 0x00, 0x00, 0x00, 0x00, 0x00, 0x00, 0x00, 0x00, 0x00, 0x00, 0x00, 0x00, 0x00,
   0x00, 0x00, 0x00, 0x00, 0x00, 0x00, 0x00, 0x00, 0x00, 0x00, 0x00, 0x00, 0x00, 0x00, 0x00, 0x00,
   0x00, 0x00, 0x00, 0x00, 0x00, 0x00, 0x00, 0x00, 0x00, 0x00, 0x00, 0x00, 0x00, 0x00, 0x00, 0x00,
   0x00, 0x00, 0x00, 0x00, 0x00, 0x00, 0x00, 0x00, 0x00, 0x00, 0x00, 0x00, 0x00, 0x00, 0x00, 0x00,
   0x00, 0x00, 0x00, 0x00, 0x00, 0x00, 0x00, 0x00, 0x00, 0x00, 0x00, 0x00, 0x00, 0x00, 0x00, 0x00,
   0x00, 0x00, 0x00, 0x00, 0x00, 0x00, 0x00, 0x00, 0x00, 0x00, 0x00, 0x00, 0x00, 0x00, 0x00, 0x00,
   0x00, 0x00, 0x00, 0x00, 0x00, 0x00, 0x00, 0x00, 0x00, 0x00, 0x00, 0x00, 0x00, 0x00, 0x00, 0x00,
   0x00, 0x00, 0x00, 0x00, 0x00, 0x00, 0x00, 0x00, 0x00, 0x00, 0x00, 0x00, 0x00, 0x00, 0x00, 0x00,
   0x00, 0x00, 0x00, 0x00, 0x00, 0x00, 0x00, 0x00, 0x00, 0x00, 0x00, 0x00, 0x00, 0x00, 0x00, 0x00,
   0x00, 0x00, 0x00, 0x00, 0x00, 0x00, 0x00, 0x00, 0x00, 0x00, 0x00, 0x00, 0x00, 0x00, 0x00, 0x00,
   0x00, 0x00, 0x00, 0x00, 0x00, 0x00, 0x00, 0x00, 0x00, 0x00, 0x00, 0x00, 0x00, 0x00, 0x00, 0x00,
   0x00, 0x00, 0x00, 0x00, 0x00, 0x00, 0x00, 0x00, 0x00, 0x00, 0x00, 0x00, 0x00, 0x00, 0x00, 0x00,
   0x00, 0x00, 0x00, 0x00, 0x00, 0x00, 0x00, 0x00, 0x00, 0x00, 0x00, 0x00, 0x00, 0x00, 0x00, 0x00,
   0x00, 0x00, 0x00, 0x00, 0x00, 0x00, 0x00, 0x00, 0x00, 0x00, 0x00, 0x00, 0x00, 0x00, 0x00, 0x00,
   0x00, 0x00, 0x00, 0x00, 0x00, 0x00, 0x00, 0x00, 0x00, 0x00, 0x00, 0x00, 0x00, 0x00, 0x00, 0x00,
   0x00, 0x00, 0x00, 0x00, 0x00, 0x00, 0x00, 0x00, 0x00, 0x00, 0x00, 0x00, 0x00, 0x00, 0x00, 0x00,
   0x00, 0x00, 0x00, 0x00, 0x00, 0x00, 0x00, 0x00, 0x00, 0x00, 0x00, 0x00, 0x00, 0x00, 0x00, 0x00,
   0x00, 0x00, 0x00, 0x00, 0x00, 0x00, 0x00, 0x00, 0x00, 0x00, 0x00, 0x00, 0x00, 0x00, 0x00, 0x00,
   0x00, 0x00, 0x00, 0x00, 0x00, 0x00, 0x00, 0x00, 0x00, 0x00, 0x00, 0x00, 0x00, 0x00, 0x00, 0x00,
   0x00, 0x00, 0x00, 0x00, 0x00, 0x00, 0x00, 0x00, 0x00, 0x00, 0x00, 0x00, 0x00, 0x00, 0x00, 0x00,
   0x00, 0x00, 0x00, 0x00, 0x00, 0x00, 0x00, 0x00, 0x00, 0x00, 0x00, 0x00, 0x00, 0x00, 0x00, 0x00,
   0x00, 0x00, 0x00, 0x00, 0x00, 0x00, 0x00, 0x00, 0x00, 0x00, 0x00, 0x00, 0x00, 0x00, 0x00, 0x00,
   0x00, 0x00, 0x00, 0x00, 0x00, 0x00, 0x00, 0x00, 0x00, 0x00, 0x00, 0x00, 0x00, 0x00, 0x00, 0x00,
   0x00, 0x00, 0x00, 0x00, 0x00, 0x00, 0x00, 0x00, 0x00, 0x00, 0x00, 0x00, 0x00, 0x00, 0x00, 0x00,
   0x00, 0x00, 0x00, 0x00, 0x00, 0x00, 0x00, 0x00, 0x00, 0x00, 0x00, 0x00, 0x00, 0x00, 0x00, 0x00,
   0x00, 0x00, 0x00, 0x00, 0x00, 0x00, 0x00, 0x00, 0x00, 0x00, 0x00, 0x00, 0x00, 0x00, 0x00, 0x00,
   0x00, 0x00, 0x00, 0x00, 0x00, 0x00, 0x00, 0x00, 0x00, 0x00, 0x00, 0x00, 0x00, 0x00, 0x00, 0x00,
   0x00, 0x00, 0x00, 0x00, 0x00, 0x00, 0x00, 0x00, 0x00, 0x00, 0x00, 0x00, 0x00, 0x00, 0x00, 0x00,
   0x00, 0x00, 0x00, 0x00, 0x00, 0x00, 0x00, 0x00, 0x00, 0x00, 0x00, 0x00, 0x00, 0x00, 0x00, 0x00,
   0x00, 0x00, 0x00, 0x00, 0x00, 0x00, 0x00, 0x00, 0x00, 0x00, 0x00, 0x00, 0x00, 0x00, 0x00, 0x00,
   0x00, 0x00, 0x00, 0x00, 0x00, 0x00, 0x00, 0x00, 0x00, 0x00, 0x00, 0x00, 0x00, 0x00, 0x00, 0x00,
   0x00, 0x00, 0x00, 0x00, 0x00, 0x00, 0x00, 0x00, 0x00, 0x00, 0x00, 0x00, 0x00, 0x00, 0x00, 0x00,
   0x00, 0x00, 0x00, 0x00, 0x00, 0x00, 0x00, 0x00, 0x00, 0x00, 0x00, 0x00, 0x00, 0x00, 0x00, 0x00,
   0x00, 0x00, 0x00, 0x00, 0x00, 0x00, 0x00, 0x00, 0x00, 0x00, 0x00, 0x00, 0x00, 0x00, 0x00, 0x00,
   0x00, 0x00, 0x00, 0x00, 0x00, 0x00, 0x00, 0x00, 0x00, 0x00, 0x00, 0x00, 0x00, 0x00, 0x00, 0x00,
   0x00, 0x00, 0x00, 0x00, 0x00, 0x00, 0x00, 0x00, 0x00, 0x00, 0x00, 0x00, 0x00, 0x00, 0x00, 0x00,
   0x00, 0x00, 0x00, 0x00, 0x00, 0x00, 0x00, 0x00, 0x00, 0x00, 0x00, 0x00, 0x00, 0x00, 0x00, 0x00,
   0x00, 0x00, 0x00, 0x00, 0x00, 0x00, 0x00, 0x00, 0x00, 0x00, 0x00, 0x00, 0x00, 0x00, 0x00, 0x00,
   0x00, 0x00, 0x00, 0x00, 0x00, 0x00, 0x00, 0x00, 0x00, 0x00, 0x00, 0x00, 0x00, 0x00, 0x00, 0x00,
   0x00, 0x00, 0x00, 0x00, 0x00, 0x00, 0x00, 0x00, 0x00, 0x00, 0x00, 0x00, 0x00, 0x00, 0x00, 0x00,
   0x00, 0x00, 0x00, 0x00, 0x00, 0x00, 0x00, 0x00, 0x00, 0x00, 0x00, 0x00, 0x00, 0x00, 0x00, 0x00,
   0x00, 0x00, 0x00, 0x00, 0x00, 0x00, 0x00, 0x00, 0x00, 0x00, 0x00, 0x00, 0x00, 0x00, 0x00, 0x00,
   0x00, 0x00, 0x00, 0x00, 0x00, 0x00, 0x00, 0x00, 0x00, 0x00, 0x00, 0x00, 0x00, 0x00, 0x00, 0x00,
   0x00, 0x00, 0x00, 0x00, 0x00, 0x00, 0x00, 0x00, 0x00, 0x00, 0x00, 0x00, 0x00, 0x00, 0x00, 0x00,
   0x00, 0x00, 0x00, 0x00, 0x00, 0x00, 0x00, 0x00, 0x00, 0x00, 0x00, 0x00, 0x00, 0x00, 0x00, 0x00,
   0x00, 0x00, 0x00, 0x00, 0x00, 0x00, 0x00, 0x00, 0x00, 0x00, 0x00, 0x00, 0x00, 0x00, 0x00, 0x00,
   0x00, 0x00, 0x00, 0x00, 0x00, 0x00, 0x00, 0x00, 0x00, 0x00, 0x00, 0x00, 0x00, 0x00, 0x00, 0x00,
   0x00, 0x00, 0x00, 0x00, 0x00, 0x00, 0x00, 0x00, 0x00, 0x00, 0x00, 0x00, 0x00, 0x00, 0x00, 0x00,
   0x00, 0x00, 0x00, 0x00, 0x00, 0x00, 0x00, 0x00, 0x00, 0x00, 0x00, 0x00, 0x00, 0x00, 0x00, 0x00,
   0x00, 0x00, 0x00, 0x00, 0x00, 0x00, 0x00, 0x00, 0x00, 0x00, 0x00, 0x00, 0x00, 0x00, 0x00, 0x00,
   0x00, 0x00, 0x00, 0x00, 0x00, 0x00, 0x00, 0x00, 0x00, 0x00, 0x00, 0x00, 0x00, 0x00, 0x00, 0x00,
   0x00, 0x00, 0x00, 0x00, 0x00, 0x00, 0x00, 0x00, 0x00, 0x00, 0x00, 0x00, 0x00, 0x00, 0x00, 0x00,
   0x00, 0x00, 0x00, 0x00, 0x00, 0x00, 0x00, 0x00, 0x00, 0x00, 0x00, 0x00, 0x00, 0x00, 0x00, 0x00,
   0x00, 0x00, 0x00, 0x00, 0x00, 0x00, 0x00, 0x00, 0x00, 0x00, 0x00, 0x00, 0x00, 0x00, 0x00, 0x00,
   0x00, 0x00, 0x00, 0x00, 0x00, 0x00, 0x00, 0x00, 0x00, 0x00, 0x00, 0x00, 0x00, 0x00, 0x00, 0x00,
   0x00, 0x00, 0x00, 0x00, 0x00, 0x00, 0x00, 0x00, 0x00, 0x00, 0x00, 0x00, 0x00, 0x00, 0x00, 0x00,
   0x00, 0x00, 0x00, 0x00, 0x00, 0x00, 0x00, 0x00, 0x00, 0x00, 0x00, 0x00, 0x00, 0x00, 0x00, 0x00,
   0x00, 0x00, 0x00, 0x00, 0x00, 0x00, 0x00, 0x00, 0x00, 0x00, 0x00, 0x00, 0x00, 0x00, 0x00, 0x00,
   0x00, 0x00, 0x00, 0x00, 0x00, 0x00, 0x00, 0x00, 0x00, 0x00, 0x00, 0x00, 0x00, 0x00, 0x00, 0x00,
   0x00, 0x00, 0x00, 0x00, 0x00, 0x00, 0x00, 0x00, 0x00, 0x00, 0x00, 0x00, 0x00, 0x00, 0x00, 0x00,
   0x00, 0x00, 0x00, 0x00, 0x00, 0x00, 0x00, 0x00, 0x00, 0x00, 0x00, 0x00, 0x00, 0x00, 0x00, 0x00,
   0x00, 0x00, 0x00, 0x00, 0x00, 0x00, 0x00, 0x00, 0x00, 0x00, 0x00, 0x00, 0x00, 0x00, 0x00, 0x00,
   0x00, 0x00, 0x00, 0x00, 0x00, 0x00, 0x00, 0x00, 0x00, 0x00, 0x00, 0x00, 0x00, 0x00, 0x00, 0x00,
   0x00, 0x00, 0x00, 0x00, 0x00, 0x00, 0x00, 0x00, 0x00, 0x00, 0x00, 0x00, 0x00, 0x00, 0x00, 0x00,
   0x00, 0x00, 0x00, 0x00, 0x00, 0x00, 0x00, 0x00, 0x00, 0x00, 0x00, 0x00, 0x00, 0x00, 0x00, 0x00,
   0x00, 0x00, 0x00, 0x00, 0x00, 0x00, 0x00, 0x00, 0x00, 0x00, 0x00, 0x00, 0x00, 0x00, 0x00, 0x00,
   0x00, 0x00, 0x00, 0x00, 0x00, 0x00, 0x00, 0x00, 0x00, 0x00, 0x00, 0x00, 0x00, 0x00, 0x00, 0x00,
   0x00, 0x00, 0x00, 0x00, 0x00, 0x00, 0x00, 0x00, 0x00, 0x00, 0x00, 0x00, 0x00, 0x00, 0x00, 0x00,
   0x00, 0x00, 0x00, 0x00, 0x00, 0x00, 0x00, 0x00, 0x00, 0x00, 0x00, 0x00, 0x00, 0x00, 0x00, 0x00,
   0x00, 0x00, 0x00, 0x00, 0x00, 0x00, 0x00, 0x00, 0x00, 0x00, 0x00, 0x00, 0x00, 0x00, 0x00, 0x00,
   0x00, 0x00, 0x00, 0x00, 0x00, 0x00, 0x00, 0x00, 0x00, 0x00, 0x00, 0x00, 0x00, 0x00, 0x00, 0x00,
   0x00, 0x00, 0x00, 0x00, 0x00, 0x00, 0x00, 0x00, 0x00, 0x00, 0x00, 0x00, 0x00, 0x00, 0x00, 0x00,
   0x00, 0x00, 0x00, 0x00, 0x00, 0x00, 0x00, 0x00, 0x00, 0x00, 0x00, 0x00, 0x00, 0x00, 0x00, 0x00,
   0x00, 0x00, 0x00, 0x00, 0x00, 0x00, 0x00, 0x00, 0x00, 0x00, 0x00, 0x00, 0x00, 0x00, 0x00, 0x00,
   0x00, 0x00, 0x00, 0x00, 0x00, 0x00, 0x00, 0x00, 0x00, 0x00, 0x00, 0x00, 0x00, 0x00, 0x00, 0x00,
   0x00, 0x00, 0x00, 0x00, 0x00, 0x00, 0x00, 0x00, 0x00, 0x00, 0x00, 0x00, 0x00, 0x00, 0x00, 0x00,
   0x00, 0x00, 0x00, 0x00, 0x00, 0x00, 0x00, 0x00, 0x00, 0x00, 0x00, 0x00, 0x00, 0x00, 0x00, 0x00,
   0x00, 0x00, 0x00, 0x00, 0x00, 0x00, 0x00, 0x00, 0x00, 0x00, 0x00, 0x00, 0x00, 0x00, 0x00, 0x00,
   0x00, 0x00, 0x00, 0x00, 0x00, 0x00, 0x00, 0x00, 0x00, 0x00, 0x00, 0x00, 0x00, 0x00, 0x00, 0x00,
   0x00, 0x00, 0x00, 0x00, 0x00, 0x00, 0x00, 0x00, 0x00, 0x00, 0x00, 0x00, 0x00, 0x00, 0x00, 0x00,
   0x00, 0x00, 0x00, 0x00, 0x00, 0x00, 0x00, 0x00, 0x00, 0x00, 0x00, 0x00, 0x00, 0x00, 0x00, 0x00,
   0x00, 0x00, 0x00, 0x00, 0x00, 0x00, 0x00, 0x00, 0x00, 0x00, 0x00, 0x00, 0x00, 0x00, 0x00, 0x00,
   0x00, 0x00, 0x00, 0x00, 0x00, 0x00, 0x00, 0x00, 0x00, 0x00, 0x00, 0x00, 0x00, 0x00, 0x00, 0x00,
   0x00, 0x00, 0x00, 0x00, 0x00, 0x00, 0x00, 0x00, 0x00, 0x00, 0x00, 0x00, 0x00, 0x00, 0x00, 0x00,
   0x00, 0x00, 0x00, 0x00, 0x00, 0x00, 0x00, 0x00, 0x00, 0x00, 0x00, 0x00, 0x00, 0x00, 0x00, 0x00,
   0x00, 0x00, 0x00, 0x00, 0x00, 0x00, 0x00, 0x00, 0x00, 0x00, 0x00, 0x00, 0x00, 0x00, 0x00, 0x00,
   0x00, 0x00, 0x00, 0x00, 0x00, 0x00, 0x00, 0x00, 0x00, 0x00, 0x00, 0x00, 0x00, 0x00, 0x00, 0x00,
   0x00, 0x00, 0x00, 0x00, 0x00, 0x00, 0x00, 0x00, 0x00, 0x00, 0x00, 0x00, 0x00, 0x00, 0x00, 0x00,
   0x00, 0x00, 0x00, 0x00, 0x00, 0x00, 0x00, 0x00, 0x00, 0x00, 0x00, 0x00, 0x00, 0x00, 0x00, 0x00,
   0x00, 0x00, 0x00, 0x00, 0x00, 0x00, 0x00, 0x00, 0x00, 0x00, 0x00, 0x00, 0x00, 0x00, 0x00, 0x00,
   0x00, 0x00, 0x00, 0x00, 0x00, 0x00, 0x00, 0x00, 0x00, 0x00, 0x00, 0x00, 0x00, 0x00, 0x00, 0x00,
   0x00, 0x00, 0x00, 0x00, 0x00, 0x00, 0x00, 0x00, 0x00, 0x00, 0x00, 0x00, 0x00, 0x00, 0x00, 0x00,
   0x00, 0x00, 0x00, 0x00, 0x00, 0x00, 0x00, 0x00, 0x00, 0x00, 0x00, 0x00, 0x00, 0x00, 0x00, 0x00,
   0x00, 0x00, 0x00, 0x00, 0x00, 0x00, 0x00, 0x00, 0x00, 0x00, 0x00, 0x00, 0x00, 0x00, 0x00, 0x00,
   0x00, 0x00, 0x00, 0x00, 0x00, 0x00, 0x00, 0x00, 0x00, 0x00, 0x00, 0x00, 0x00, 0x00, 0x00, 0x00,
   0x00, 0x00, 0x00, 0x00, 0x00, 0x00, 0x00, 0x00, 0x00, 0x00, 0x00, 0x00, 0x00, 0x00, 0x00, 0x00,
   0x00, 0x00, 0x00, 0x00, 0x00, 0x00, 0x00, 0x00, 0x00, 0x00, 0x00, 0x00, 0x00, 0x00, 0x00, 0x00,
   0x00, 0x00, 0x00, 0x00, 0x00, 0x00, 0x00, 0x00, 0x00, 0x00, 0x00, 0x00, 0x00, 0x00, 0x00, 0x00,
   0x00, 0x00, 0x00, 0x00, 0x00, 0x00, 0x00, 0x00, 0x00, 0x00, 0x00, 0x00, 0x00, 0x00, 0x00, 0x00,
   0x00, 0x00, 0x00, 0x00, 0x00, 0x00, 0x00, 0x00, 0x00, 0x00, 0x00, 0x00, 0x00, 0x00, 0x00, 0x00,
   0x00, 0x00, 0x00, 0x00, 0x00, 0x00, 0x00, 0x00, 0x00, 0x00, 0x00, 0x00, 0x00, 0x00, 0x00, 0x00,
   0x00, 0x00, 0x00, 0x00, 0x00, 0x00, 0x00, 0x00, 0x00, 0x00, 0x00, 0x00, 0x00, 0x00, 0x00, 0x00,
   0x00, 0x00, 0x00, 0x00, 0x00, 0x00, 0x00, 0x00, 0x00, 0x00, 0x00, 0x00, 0x00, 0x00, 0x00, 0x00,
   0x00, 0x00, 0x00, 0x00, 0x00, 0x00, 0x00, 0x00, 0x00, 0x00, 0x00, 0x00, 0x00, 0x00, 0x00, 0x00,
   0x00, 0x00, 0x00, 0x00, 0x00, 0x00, 0x00, 0x00, 0x00, 0x00, 0x00, 0x00, 0x00, 0x00, 0x00, 0x00,
   0x00, 0x00, 0x00, 0x00, 0x00, 0x00, 0x00, 0x00, 0x00, 0x00, 0x00, 0x00, 0x00, 0x00, 0x00, 0x00,
   0x00, 0x00, 0x00, 0x00, 0x00, 0x00, 0x00, 0x00, 0x00, 0x00, 0x00, 0x00, 0x00, 0x00, 0x00, 0x00,
   0x00, 0x00, 0x00, 0x00, 0x00, 0x00, 0x00, 0x00, 0x00, 0x00, 0x00, 0x00, 0x00, 0x00, 0x00, 0x00,
   0x00, 0x00, 0x00, 0x00, 0x00, 0x00, 0x00, 0x00, 0x00, 0x00, 0x00, 0x00, 0x00, 0x00, 0x00, 0x00,
   0x00, 0x00, 0x00, 0x00, 0x00, 0x00, 0x00, 0x00, 0x00, 0x00, 0x00, 0x00, 0x00, 0x00, 0x00, 0x00,
   0x00, 0x00, 0x00, 0x00, 0x00, 0x00, 0x00, 0x00, 0x00, 0x00, 0x00, 0x00, 0x00, 0x00, 0x00, 0x00,
   0x00, 0x00, 0x00, 0x00, 0x00, 0x00, 0x00, 0x00, 0x00, 0x00, 0x00, 0x00, 0x00, 0x00, 0x00, 0x00,
   0x00, 0x00, 0x00, 0x00, 0x00, 0x00, 0x00, 0x00, 0x00, 0x00, 0x00, 0x00, 0x00, 0x00, 0x00, 0x00,
};
